
================================================================================
PROTEIN BURIAL ANALYSIS - FINAL ANALYSIS SCRIPT
================================================================================

Configuration:
  Input folder:     pdbexamples
  Output folder:    final_reports
  NC6 threshold:    5.0
  NC10 threshold:   16.0
  Uni6 threshold:   0.38
  Uni10 threshold:  0.48

Found 208 PDB file(s) to process:
  - inha/fixed_receptor.pdb
  - inha/fixed_receptor_miniscript.pdb
  - inha/fixed_receptor_pdbfixer.pdb
  - inha/receptor.pdb
  - ital/fixed_receptor.pdb
  - ital/fixed_receptor_miniscript.pdb
  - ital/fixed_receptor_pdbfixer.pdb
  - ital/receptor.pdb
  - jak2/fixed_receptor.pdb
  - jak2/fixed_receptor_miniscript.pdb
  - jak2/fixed_receptor_pdbfixer.pdb
  - jak2/receptor.pdb
  - kif11/fixed_receptor.pdb
  - kif11/fixed_receptor_miniscript.pdb
  - kif11/fixed_receptor_pdbfixer.pdb
  - kif11/receptor.pdb
  - kit/fixed_receptor.pdb
  - kit/fixed_receptor_miniscript.pdb
  - kit/fixed_receptor_pdbfixer.pdb
  - kit/receptor.pdb
  - kith/fixed_receptor.pdb
  - kith/fixed_receptor_miniscript.pdb
  - kith/fixed_receptor_pdbfixer.pdb
  - kith/receptor.pdb
  - kpcb/fixed_receptor.pdb
  - kpcb/fixed_receptor_miniscript.pdb
  - kpcb/fixed_receptor_pdbfixer.pdb
  - kpcb/receptor.pdb
  - lck/fixed_receptor.pdb
  - lck/fixed_receptor_miniscript.pdb
  - lck/fixed_receptor_pdbfixer.pdb
  - lck/receptor.pdb
  - lkha4/fixed_receptor.pdb
  - lkha4/fixed_receptor_miniscript.pdb
  - lkha4/fixed_receptor_pdbfixer.pdb
  - lkha4/receptor.pdb
  - mapk2/fixed_receptor.pdb
  - mapk2/fixed_receptor_miniscript.pdb
  - mapk2/fixed_receptor_pdbfixer.pdb
  - mapk2/receptor.pdb
  - mcr/fixed_receptor.pdb
  - mcr/fixed_receptor_miniscript.pdb
  - mcr/fixed_receptor_pdbfixer.pdb
  - mcr/receptor.pdb
  - met/fixed_receptor.pdb
  - met/fixed_receptor_miniscript.pdb
  - met/fixed_receptor_pdbfixer.pdb
  - met/receptor.pdb
  - mk01/fixed_receptor.pdb
  - mk01/fixed_receptor_miniscript.pdb
  - mk01/fixed_receptor_pdbfixer.pdb
  - mk01/receptor.pdb
  - mk10/fixed_receptor.pdb
  - mk10/fixed_receptor_miniscript.pdb
  - mk10/fixed_receptor_pdbfixer.pdb
  - mk10/receptor.pdb
  - mk14/fixed_receptor.pdb
  - mk14/fixed_receptor_miniscript.pdb
  - mk14/fixed_receptor_pdbfixer.pdb
  - mk14/receptor.pdb
  - mmp13/fixed_receptor.pdb
  - mmp13/fixed_receptor_miniscript.pdb
  - mmp13/fixed_receptor_pdbfixer.pdb
  - mmp13/receptor.pdb
  - mp2k1/fixed_receptor.pdb
  - mp2k1/fixed_receptor_miniscript.pdb
  - mp2k1/fixed_receptor_pdbfixer.pdb
  - mp2k1/receptor.pdb
  - nos1/fixed_receptor.pdb
  - nos1/fixed_receptor_miniscript.pdb
  - nos1/fixed_receptor_pdbfixer.pdb
  - nos1/receptor.pdb
  - nram/fixed_receptor.pdb
  - nram/fixed_receptor_miniscript.pdb
  - nram/fixed_receptor_pdbfixer.pdb
  - nram/receptor.pdb
  - pa2ga/fixed_receptor.pdb
  - pa2ga/fixed_receptor_miniscript.pdb
  - pa2ga/fixed_receptor_pdbfixer.pdb
  - pa2ga/receptor.pdb
  - parp1/fixed_receptor.pdb
  - parp1/fixed_receptor_miniscript.pdb
  - parp1/fixed_receptor_pdbfixer.pdb
  - parp1/receptor.pdb
  - pde5a/fixed_receptor.pdb
  - pde5a/fixed_receptor_miniscript.pdb
  - pde5a/fixed_receptor_pdbfixer.pdb
  - pde5a/receptor.pdb
  - pgh1/fixed_receptor.pdb
  - pgh1/fixed_receptor_miniscript.pdb
  - pgh1/fixed_receptor_pdbfixer.pdb
  - pgh1/receptor.pdb
  - pgh2/fixed_receptor.pdb
  - pgh2/fixed_receptor_miniscript.pdb
  - pgh2/fixed_receptor_pdbfixer.pdb
  - pgh2/receptor.pdb
  - plk1/fixed_receptor.pdb
  - plk1/fixed_receptor_miniscript.pdb
  - plk1/fixed_receptor_pdbfixer.pdb
  - plk1/receptor.pdb
  - pnph/fixed_receptor.pdb
  - pnph/fixed_receptor_miniscript.pdb
  - pnph/fixed_receptor_pdbfixer.pdb
  - pnph/receptor.pdb
  - ppara/fixed_receptor.pdb
  - ppara/fixed_receptor_miniscript.pdb
  - ppara/fixed_receptor_pdbfixer.pdb
  - ppara/receptor.pdb
  - ppard/fixed_receptor.pdb
  - ppard/fixed_receptor_miniscript.pdb
  - ppard/fixed_receptor_pdbfixer.pdb
  - ppard/receptor.pdb
  - pparg/fixed_receptor.pdb
  - pparg/fixed_receptor_miniscript.pdb
  - pparg/fixed_receptor_pdbfixer.pdb
  - pparg/receptor.pdb
  - prgr/fixed_receptor.pdb
  - prgr/fixed_receptor_miniscript.pdb
  - prgr/fixed_receptor_pdbfixer.pdb
  - prgr/receptor.pdb
  - ptn1/fixed_receptor.pdb
  - ptn1/fixed_receptor_miniscript.pdb
  - ptn1/fixed_receptor_pdbfixer.pdb
  - ptn1/receptor.pdb
  - pur2/fixed_receptor.pdb
  - pur2/fixed_receptor_miniscript.pdb
  - pur2/fixed_receptor_pdbfixer.pdb
  - pur2/receptor.pdb
  - pygm/fixed_receptor.pdb
  - pygm/fixed_receptor_miniscript.pdb
  - pygm/fixed_receptor_pdbfixer.pdb
  - pygm/receptor.pdb
  - pyrd/fixed_receptor.pdb
  - pyrd/fixed_receptor_miniscript.pdb
  - pyrd/fixed_receptor_pdbfixer.pdb
  - pyrd/receptor.pdb
  - reni/fixed_receptor.pdb
  - reni/fixed_receptor_miniscript.pdb
  - reni/fixed_receptor_pdbfixer.pdb
  - reni/receptor.pdb
  - rock1/fixed_receptor.pdb
  - rock1/fixed_receptor_miniscript.pdb
  - rock1/fixed_receptor_pdbfixer.pdb
  - rock1/receptor.pdb
  - rxra/fixed_receptor.pdb
  - rxra/fixed_receptor_miniscript.pdb
  - rxra/fixed_receptor_pdbfixer.pdb
  - rxra/receptor.pdb
  - sahh/fixed_receptor.pdb
  - sahh/fixed_receptor_miniscript.pdb
  - sahh/fixed_receptor_pdbfixer.pdb
  - sahh/receptor.pdb
  - src/fixed_receptor.pdb
  - src/fixed_receptor_miniscript.pdb
  - src/fixed_receptor_pdbfixer.pdb
  - src/receptor.pdb
  - tgfr1/fixed_receptor.pdb
  - tgfr1/fixed_receptor_miniscript.pdb
  - tgfr1/fixed_receptor_pdbfixer.pdb
  - tgfr1/receptor.pdb
  - thb/1nq2.pdb
  - thb/1nuo.pdb
  - thb/1q4x.pdb
  - thb/1r6g.pdb
  - thb/1xzx.pdb
  - thb/2j4a.pdb
  - thb/2pin.pdb
  - thb/3d57.pdb
  - thb/3gws.pdb
  - thb/3imy.pdb
  - thb/3jzc.pdb
  - thb/3nuo.pdb
  - thb/fixed_receptor.pdb
  - thb/fixed_receptor_miniscript.pdb
  - thb/fixed_receptor_pdbfixer.pdb
  - thb/receptor.pdb
  - thrb/fixed_receptor.pdb
  - thrb/fixed_receptor_miniscript.pdb
  - thrb/fixed_receptor_pdbfixer.pdb
  - thrb/receptor.pdb
  - try1/fixed_receptor.pdb
  - try1/fixed_receptor_miniscript.pdb
  - try1/fixed_receptor_pdbfixer.pdb
  - try1/receptor.pdb
  - tryb1/fixed_receptor.pdb
  - tryb1/fixed_receptor_miniscript.pdb
  - tryb1/fixed_receptor_pdbfixer.pdb
  - tryb1/receptor.pdb
  - tysy/fixed_receptor.pdb
  - tysy/fixed_receptor_miniscript.pdb
  - tysy/fixed_receptor_pdbfixer.pdb
  - tysy/receptor.pdb
  - urok/fixed_receptor.pdb
  - urok/fixed_receptor_miniscript.pdb
  - urok/fixed_receptor_pdbfixer.pdb
  - urok/receptor.pdb
  - vgfr2/fixed_receptor.pdb
  - vgfr2/fixed_receptor_miniscript.pdb
  - vgfr2/fixed_receptor_pdbfixer.pdb
  - vgfr2/receptor.pdb
  - wee1/fixed_receptor.pdb
  - wee1/fixed_receptor_miniscript.pdb
  - wee1/fixed_receptor_pdbfixer.pdb
  - wee1/receptor.pdb
  - xiap/fixed_receptor.pdb
  - xiap/fixed_receptor_miniscript.pdb
  - xiap/fixed_receptor_pdbfixer.pdb
  - xiap/receptor.pdb


================================================================================
Processing: fixed_receptor
================================================================================
  ✓ Extracting CA atoms... Found 241 residues
  ✓ Extracting DSSP data... 241 available
  ✓ Extracting STRIDE data... 241 available
  ✓ Computing neighbor features... Done
  ✓ Classifying burial status... Done
  ✓ DSSP Metrics (using local implementation):
    Accuracy  : 0.7261 (sklearn: 0.7261) ✓
    Precision : 0.5204 (sklearn: 0.5204) ✓
    Recall    : 0.7286 (sklearn: 0.7286) ✓
    F1 Score  : 0.6071 (sklearn: 0.6071) ✓
    MCC       : 0.4193 (sklearn: 0.4193) ✓
  ✓ STRIDE Metrics (using local implementation):
    Accuracy  : 0.7593 (sklearn: 0.7593) ✓
    Precision : 0.7143 (sklearn: 0.7143) ✓
    Recall    : 0.7000 (sklearn: 0.7000) ✓
    F1 Score  : 0.7071 (sklearn: 0.7071) ✓
    MCC       : 0.5030 (sklearn: 0.5030) ✓
✓ Processing complete

================================================================================
Processing: fixed_receptor_miniscript
================================================================================
  ✓ Extracting CA atoms... Found 241 residues
  ✓ Extracting DSSP data... 241 available
  ✓ Extracting STRIDE data... 241 available
  ✓ Computing neighbor features... Done
  ✓ Classifying burial status... Done
  ✓ DSSP Metrics (using local implementation):
    Accuracy  : 0.7261 (sklearn: 0.7261) ✓
    Precision : 0.5204 (sklearn: 0.5204) ✓
    Recall    : 0.7286 (sklearn: 0.7286) ✓
    F1 Score  : 0.6071 (sklearn: 0.6071) ✓
    MCC       : 0.4193 (sklearn: 0.4193) ✓
  ✓ STRIDE Metrics (using local implementation):
    Accuracy  : 0.7593 (sklearn: 0.7593) ✓
    Precision : 0.7143 (sklearn: 0.7143) ✓
    Recall    : 0.7000 (sklearn: 0.7000) ✓
    F1 Score  : 0.7071 (sklearn: 0.7071) ✓
    MCC       : 0.5030 (sklearn: 0.5030) ✓
✓ Processing complete
  Note: Using first file for inha

================================================================================
Processing: fixed_receptor_pdbfixer
================================================================================
  ✓ Extracting CA atoms... Found 241 residues
  ✓ Extracting DSSP data... 241 available
  ✓ Extracting STRIDE data... 241 available
  ✓ Computing neighbor features... Done
  ✓ Classifying burial status... Done
  ✓ DSSP Metrics (using local implementation):
    Accuracy  : 0.7137 (sklearn: 0.7137) ✓
    Precision : 0.5000 (sklearn: 0.5000) ✓
    Recall    : 0.7101 (sklearn: 0.7101) ✓
    F1 Score  : 0.5868 (sklearn: 0.5868) ✓
    MCC       : 0.3913 (sklearn: 0.3913) ✓
  ✓ STRIDE Metrics (using local implementation):
    Accuracy  : 0.7552 (sklearn: 0.7552) ✓
    Precision : 0.7143 (sklearn: 0.7143) ✓
    Recall    : 0.6931 (sklearn: 0.6931) ✓
    F1 Score  : 0.7035 (sklearn: 0.7035) ✓
    MCC       : 0.4953 (sklearn: 0.4953) ✓
✓ Processing complete
  Note: Using first file for inha

================================================================================
Processing: receptor
================================================================================
  ✓ Extracting CA atoms... Found 241 residues
  ✓ Extracting DSSP data... Not available
  ✓ Extracting STRIDE data... 241 available
  ✓ Computing neighbor features... Done
  ✓ Classifying burial status... Done
  ✓ STRIDE Metrics (using local implementation):
    Accuracy  : 0.7593 (sklearn: 0.7593) ✓
    Precision : 0.7143 (sklearn: 0.7143) ✓
    Recall    : 0.7000 (sklearn: 0.7000) ✓
    F1 Score  : 0.7071 (sklearn: 0.7071) ✓
    MCC       : 0.5030 (sklearn: 0.5030) ✓
✓ Processing complete
  Note: Using first file for inha

================================================================================
Processing: fixed_receptor
================================================================================
  ✓ Extracting CA atoms... Found 179 residues
  ✓ Extracting DSSP data... 179 available
  ✓ Extracting STRIDE data... 179 available
  ✓ Computing neighbor features... Done
  ✓ Classifying burial status... Done
  ✓ DSSP Metrics (using local implementation):
    Accuracy  : 0.7877 (sklearn: 0.7877) ✓
    Precision : 0.5714 (sklearn: 0.5714) ✓
    Recall    : 0.8333 (sklearn: 0.8333) ✓
    F1 Score  : 0.6780 (sklearn: 0.6780) ✓
    MCC       : 0.5486 (sklearn: 0.5486) ✓
  ✓ STRIDE Metrics (using local implementation):
    Accuracy  : 0.7542 (sklearn: 0.7542) ✓
    Precision : 0.7286 (sklearn: 0.7286) ✓
    Recall    : 0.6711 (sklearn: 0.6711) ✓
    F1 Score  : 0.6986 (sklearn: 0.6986) ✓
    MCC       : 0.4929 (sklearn: 0.4929) ✓
✓ Processing complete

================================================================================
Processing: fixed_receptor_miniscript
================================================================================
  ✓ Extracting CA atoms... Found 179 residues
  ✓ Extracting DSSP data... 179 available
  ✓ Extracting STRIDE data... 179 available
  ✓ Computing neighbor features... Done
  ✓ Classifying burial status... Done
  ✓ DSSP Metrics (using local implementation):
    Accuracy  : 0.7877 (sklearn: 0.7877) ✓
    Precision : 0.5714 (sklearn: 0.5714) ✓
    Recall    : 0.8333 (sklearn: 0.8333) ✓
    F1 Score  : 0.6780 (sklearn: 0.6780) ✓
    MCC       : 0.5486 (sklearn: 0.5486) ✓
  ✓ STRIDE Metrics (using local implementation):
    Accuracy  : 0.7542 (sklearn: 0.7542) ✓
    Precision : 0.7286 (sklearn: 0.7286) ✓
    Recall    : 0.6711 (sklearn: 0.6711) ✓
    F1 Score  : 0.6986 (sklearn: 0.6986) ✓
    MCC       : 0.4929 (sklearn: 0.4929) ✓
✓ Processing complete
  Note: Using first file for ital

================================================================================
Processing: fixed_receptor_pdbfixer
================================================================================
  ✓ Extracting CA atoms... Found 179 residues
  ✓ Extracting DSSP data... 179 available
  ✓ Extracting STRIDE data... 179 available
  ✓ Computing neighbor features... Done
  ✓ Classifying burial status... Done
  ✓ DSSP Metrics (using local implementation):
    Accuracy  : 0.7877 (sklearn: 0.7877) ✓
    Precision : 0.5714 (sklearn: 0.5714) ✓
    Recall    : 0.8333 (sklearn: 0.8333) ✓
    F1 Score  : 0.6780 (sklearn: 0.6780) ✓
    MCC       : 0.5486 (sklearn: 0.5486) ✓
  ✓ STRIDE Metrics (using local implementation):
    Accuracy  : 0.7542 (sklearn: 0.7542) ✓
    Precision : 0.7286 (sklearn: 0.7286) ✓
    Recall    : 0.6711 (sklearn: 0.6711) ✓
    F1 Score  : 0.6986 (sklearn: 0.6986) ✓
    MCC       : 0.4929 (sklearn: 0.4929) ✓
✓ Processing complete
  Note: Using first file for ital

================================================================================
Processing: receptor
================================================================================
  ✓ Extracting CA atoms... Found 179 residues
  ✓ Extracting DSSP data... Not available
  ✓ Extracting STRIDE data... 179 available
  ✓ Computing neighbor features... Done
  ✓ Classifying burial status... Done
  ✓ STRIDE Metrics (using local implementation):
    Accuracy  : 0.7542 (sklearn: 0.7542) ✓
    Precision : 0.7286 (sklearn: 0.7286) ✓
    Recall    : 0.6711 (sklearn: 0.6711) ✓
    F1 Score  : 0.6986 (sklearn: 0.6986) ✓
    MCC       : 0.4929 (sklearn: 0.4929) ✓
✓ Processing complete
  Note: Using first file for ital

================================================================================
Processing: fixed_receptor
================================================================================
  ✓ Extracting CA atoms... Found 260 residues
  ✓ Extracting DSSP data... 250 available
  ✓ Extracting STRIDE data... 250 available
  ✓ Computing neighbor features... Done
  ✓ Classifying burial status... Done
  ✓ DSSP Metrics (using local implementation):
    Accuracy  : 0.7240 (sklearn: 0.7240) ✓
    Precision : 0.4661 (sklearn: 0.4661) ✓
    Recall    : 0.9016 (sklearn: 0.9016) ✓
    F1 Score  : 0.6145 (sklearn: 0.6145) ✓
    MCC       : 0.4889 (sklearn: 0.4889) ✓
  ✓ STRIDE Metrics (using local implementation):
    Accuracy  : 0.7640 (sklearn: 0.7640) ✓
    Precision : 0.6949 (sklearn: 0.6949) ✓
    Recall    : 0.7810 (sklearn: 0.7810) ✓
    F1 Score  : 0.7354 (sklearn: 0.7354) ✓
    MCC       : 0.5266 (sklearn: 0.5266) ✓
✓ Processing complete

================================================================================
Processing: fixed_receptor_miniscript
================================================================================
  ✓ Extracting CA atoms... Found 260 residues
  ✓ Extracting DSSP data... 250 available
  ✓ Extracting STRIDE data... 250 available
  ✓ Computing neighbor features... Done
  ✓ Classifying burial status... Done
  ✓ DSSP Metrics (using local implementation):
    Accuracy  : 0.7240 (sklearn: 0.7240) ✓
    Precision : 0.4661 (sklearn: 0.4661) ✓
    Recall    : 0.9016 (sklearn: 0.9016) ✓
    F1 Score  : 0.6145 (sklearn: 0.6145) ✓
    MCC       : 0.4889 (sklearn: 0.4889) ✓
  ✓ STRIDE Metrics (using local implementation):
    Accuracy  : 0.7640 (sklearn: 0.7640) ✓
    Precision : 0.6949 (sklearn: 0.6949) ✓
    Recall    : 0.7810 (sklearn: 0.7810) ✓
    F1 Score  : 0.7354 (sklearn: 0.7354) ✓
    MCC       : 0.5266 (sklearn: 0.5266) ✓
✓ Processing complete
  Note: Using first file for jak2

================================================================================
Processing: fixed_receptor_pdbfixer
================================================================================
  ✓ Extracting CA atoms... Found 258 residues
  ✓ Extracting DSSP data... 258 available
  ✓ Extracting STRIDE data... 258 available
  ✓ Computing neighbor features... Done
  ✓ Classifying burial status... Done
  ✓ DSSP Metrics (using local implementation):
    Accuracy  : 0.6938 (sklearn: 0.6938) ✓
    Precision : 0.3952 (sklearn: 0.3952) ✓
    Recall    : 0.9245 (sklearn: 0.9245) ✓
    F1 Score  : 0.5537 (sklearn: 0.5537) ✓
    MCC       : 0.4518 (sklearn: 0.4518) ✓
  ✓ STRIDE Metrics (using local implementation):
    Accuracy  : 0.7558 (sklearn: 0.7558) ✓
    Precision : 0.6935 (sklearn: 0.6935) ✓
    Recall    : 0.7748 (sklearn: 0.7748) ✓
    F1 Score  : 0.7319 (sklearn: 0.7319) ✓
    MCC       : 0.5116 (sklearn: 0.5116) ✓
✓ Processing complete
  Note: Using first file for jak2

================================================================================
Processing: receptor
================================================================================
  ✓ Extracting CA atoms... Found 260 residues
  ✓ Extracting DSSP data... Not available
  ✓ Extracting STRIDE data... 250 available
  ✓ Computing neighbor features... Done
  ✓ Classifying burial status... Done
  ✓ STRIDE Metrics (using local implementation):
    Accuracy  : 0.7640 (sklearn: 0.7640) ✓
    Precision : 0.6949 (sklearn: 0.6949) ✓
    Recall    : 0.7810 (sklearn: 0.7810) ✓
    F1 Score  : 0.7354 (sklearn: 0.7354) ✓
    MCC       : 0.5266 (sklearn: 0.5266) ✓
✓ Processing complete
  Note: Using first file for jak2

================================================================================
Processing: fixed_receptor
================================================================================
  ✓ Extracting CA atoms... Found 268 residues
  ✓ Extracting DSSP data... 268 available
  ✓ Extracting STRIDE data... 268 available
  ✓ Computing neighbor features... Done
  ✓ Classifying burial status... Done
  ✓ DSSP Metrics (using local implementation):
    Accuracy  : 0.7239 (sklearn: 0.7239) ✓
    Precision : 0.4790 (sklearn: 0.4790) ✓
    Recall    : 0.8261 (sklearn: 0.8261) ✓
    F1 Score  : 0.6064 (sklearn: 0.6064) ✓
    MCC       : 0.4528 (sklearn: 0.4528) ✓
  ✓ STRIDE Metrics (using local implementation):
    Accuracy  : 0.7687 (sklearn: 0.7687) ✓
    Precision : 0.7311 (sklearn: 0.7311) ✓
    Recall    : 0.7436 (sklearn: 0.7436) ✓
    F1 Score  : 0.7373 (sklearn: 0.7373) ✓
    MCC       : 0.5307 (sklearn: 0.5307) ✓
✓ Processing complete

================================================================================
Processing: fixed_receptor_miniscript
================================================================================
  ✓ Extracting CA atoms... Found 268 residues
  ✓ Extracting DSSP data... 268 available
  ✓ Extracting STRIDE data... 268 available
  ✓ Computing neighbor features... Done
  ✓ Classifying burial status... Done
  ✓ DSSP Metrics (using local implementation):
    Accuracy  : 0.7239 (sklearn: 0.7239) ✓
    Precision : 0.4790 (sklearn: 0.4790) ✓
    Recall    : 0.8261 (sklearn: 0.8261) ✓
    F1 Score  : 0.6064 (sklearn: 0.6064) ✓
    MCC       : 0.4528 (sklearn: 0.4528) ✓
  ✓ STRIDE Metrics (using local implementation):
    Accuracy  : 0.7687 (sklearn: 0.7687) ✓
    Precision : 0.7311 (sklearn: 0.7311) ✓
    Recall    : 0.7436 (sklearn: 0.7436) ✓
    F1 Score  : 0.7373 (sklearn: 0.7373) ✓
    MCC       : 0.5307 (sklearn: 0.5307) ✓
✓ Processing complete
  Note: Using first file for kif11

================================================================================
Processing: fixed_receptor_pdbfixer
================================================================================
  ✓ Extracting CA atoms... Found 268 residues
  ✓ Extracting DSSP data... 268 available
  ✓ Extracting STRIDE data... 268 available
  ✓ Computing neighbor features... Done
  ✓ Classifying burial status... Done
  ✓ DSSP Metrics (using local implementation):
    Accuracy  : 0.7276 (sklearn: 0.7276) ✓
    Precision : 0.4874 (sklearn: 0.4874) ✓
    Recall    : 0.8286 (sklearn: 0.8286) ✓
    F1 Score  : 0.6138 (sklearn: 0.6138) ✓
    MCC       : 0.4602 (sklearn: 0.4602) ✓
  ✓ STRIDE Metrics (using local implementation):
    Accuracy  : 0.7649 (sklearn: 0.7649) ✓
    Precision : 0.7227 (sklearn: 0.7227) ✓
    Recall    : 0.7414 (sklearn: 0.7414) ✓
    F1 Score  : 0.7319 (sklearn: 0.7319) ✓
    MCC       : 0.5228 (sklearn: 0.5228) ✓
✓ Processing complete
  Note: Using first file for kif11

================================================================================
Processing: receptor
================================================================================
  ✓ Extracting CA atoms... Found 268 residues
  ✓ Extracting DSSP data... Not available
  ✓ Extracting STRIDE data... 268 available
  ✓ Computing neighbor features... Done
  ✓ Classifying burial status... Done
  ✓ STRIDE Metrics (using local implementation):
    Accuracy  : 0.7687 (sklearn: 0.7687) ✓
    Precision : 0.7311 (sklearn: 0.7311) ✓
    Recall    : 0.7436 (sklearn: 0.7436) ✓
    F1 Score  : 0.7373 (sklearn: 0.7373) ✓
    MCC       : 0.5307 (sklearn: 0.5307) ✓
✓ Processing complete
  Note: Using first file for kif11

================================================================================
Processing: fixed_receptor
================================================================================
  ✓ Extracting CA atoms... Found 271 residues
  ✓ Extracting DSSP data... 269 available
  ✓ Extracting STRIDE data... 269 available
  ✓ Computing neighbor features... Done
  ✓ Classifying burial status... Done
  ✓ DSSP Metrics (using local implementation):
    Accuracy  : 0.7695 (sklearn: 0.7695) ✓
    Precision : 0.5672 (sklearn: 0.5672) ✓
    Recall    : 0.9500 (sklearn: 0.9500) ✓
    F1 Score  : 0.7103 (sklearn: 0.7103) ✓
    MCC       : 0.5880 (sklearn: 0.5880) ✓
  ✓ STRIDE Metrics (using local implementation):
    Accuracy  : 0.7695 (sklearn: 0.7695) ✓
    Precision : 0.7090 (sklearn: 0.7090) ✓
    Recall    : 0.8051 (sklearn: 0.8051) ✓
    F1 Score  : 0.7540 (sklearn: 0.7540) ✓
    MCC       : 0.5427 (sklearn: 0.5427) ✓
✓ Processing complete

================================================================================
Processing: fixed_receptor_miniscript
================================================================================
  ✓ Extracting CA atoms... Found 271 residues
  ✓ Extracting DSSP data... 269 available
  ✓ Extracting STRIDE data... 269 available
  ✓ Computing neighbor features... Done
  ✓ Classifying burial status... Done
  ✓ DSSP Metrics (using local implementation):
    Accuracy  : 0.7695 (sklearn: 0.7695) ✓
    Precision : 0.5672 (sklearn: 0.5672) ✓
    Recall    : 0.9500 (sklearn: 0.9500) ✓
    F1 Score  : 0.7103 (sklearn: 0.7103) ✓
    MCC       : 0.5880 (sklearn: 0.5880) ✓
  ✓ STRIDE Metrics (using local implementation):
    Accuracy  : 0.7695 (sklearn: 0.7695) ✓
    Precision : 0.7090 (sklearn: 0.7090) ✓
    Recall    : 0.8051 (sklearn: 0.8051) ✓
    F1 Score  : 0.7540 (sklearn: 0.7540) ✓
    MCC       : 0.5427 (sklearn: 0.5427) ✓
✓ Processing complete
  Note: Using first file for kit

================================================================================
Processing: fixed_receptor_pdbfixer
================================================================================
  ✓ Extracting CA atoms... Found 270 residues
  ✓ Extracting DSSP data... 269 available
  ✓ Extracting STRIDE data... 269 available
  ✓ Computing neighbor features... Done
  ✓ Classifying burial status... Done
  ✓ DSSP Metrics (using local implementation):
    Accuracy  : 0.7621 (sklearn: 0.7621) ✓
    Precision : 0.5556 (sklearn: 0.5556) ✓
    Recall    : 0.9494 (sklearn: 0.9494) ✓
    F1 Score  : 0.7009 (sklearn: 0.7009) ✓
    MCC       : 0.5771 (sklearn: 0.5771) ✓
  ✓ STRIDE Metrics (using local implementation):
    Accuracy  : 0.7658 (sklearn: 0.7658) ✓
    Precision : 0.7037 (sklearn: 0.7037) ✓
    Recall    : 0.8051 (sklearn: 0.8051) ✓
    F1 Score  : 0.7510 (sklearn: 0.7510) ✓
    MCC       : 0.5361 (sklearn: 0.5361) ✓
✓ Processing complete
  Note: Using first file for kit

================================================================================
Processing: receptor
================================================================================
  ✓ Extracting CA atoms... Found 271 residues
  ✓ Extracting DSSP data... Not available
  ✓ Extracting STRIDE data... 269 available
  ✓ Computing neighbor features... Done
  ✓ Classifying burial status... Done
  ✓ STRIDE Metrics (using local implementation):
    Accuracy  : 0.7695 (sklearn: 0.7695) ✓
    Precision : 0.7090 (sklearn: 0.7090) ✓
    Recall    : 0.8051 (sklearn: 0.8051) ✓
    F1 Score  : 0.7540 (sklearn: 0.7540) ✓
    MCC       : 0.5427 (sklearn: 0.5427) ✓
✓ Processing complete
  Note: Using first file for kit

================================================================================
Processing: fixed_receptor
================================================================================
  ✓ Extracting CA atoms... Found 275 residues
  ✓ Extracting DSSP data... 275 available
  ✓ Extracting STRIDE data... 275 available
  ✓ Computing neighbor features... Done
  ✓ Classifying burial status... Done
  ✓ DSSP Metrics (using local implementation):
    Accuracy  : 0.7200 (sklearn: 0.7200) ✓
    Precision : 0.5071 (sklearn: 0.5071) ✓
    Recall    : 0.8987 (sklearn: 0.8987) ✓
    F1 Score  : 0.6484 (sklearn: 0.6484) ✓
    MCC       : 0.4948 (sklearn: 0.4948) ✓
  ✓ STRIDE Metrics (using local implementation):
    Accuracy  : 0.7818 (sklearn: 0.7818) ✓
    Precision : 0.7571 (sklearn: 0.7571) ✓
    Recall    : 0.8030 (sklearn: 0.8030) ✓
    F1 Score  : 0.7794 (sklearn: 0.7794) ✓
    MCC       : 0.5649 (sklearn: 0.5649) ✓
✓ Processing complete

================================================================================
Processing: fixed_receptor_miniscript
================================================================================
  ✓ Extracting CA atoms... Found 275 residues
  ✓ Extracting DSSP data... 275 available
  ✓ Extracting STRIDE data... 275 available
  ✓ Computing neighbor features... Done
  ✓ Classifying burial status... Done
  ✓ DSSP Metrics (using local implementation):
    Accuracy  : 0.7200 (sklearn: 0.7200) ✓
    Precision : 0.5071 (sklearn: 0.5071) ✓
    Recall    : 0.8987 (sklearn: 0.8987) ✓
    F1 Score  : 0.6484 (sklearn: 0.6484) ✓
    MCC       : 0.4948 (sklearn: 0.4948) ✓
  ✓ STRIDE Metrics (using local implementation):
    Accuracy  : 0.7818 (sklearn: 0.7818) ✓
    Precision : 0.7571 (sklearn: 0.7571) ✓
    Recall    : 0.8030 (sklearn: 0.8030) ✓
    F1 Score  : 0.7794 (sklearn: 0.7794) ✓
    MCC       : 0.5649 (sklearn: 0.5649) ✓
✓ Processing complete
  Note: Using first file for kith

================================================================================
Processing: fixed_receptor_pdbfixer
================================================================================
  ✓ Extracting CA atoms... Found 275 residues
  ✓ Extracting DSSP data... 275 available
  ✓ Extracting STRIDE data... 275 available
  ✓ Computing neighbor features... Done
  ✓ Classifying burial status... Done
  ✓ DSSP Metrics (using local implementation):
    Accuracy  : 0.7164 (sklearn: 0.7164) ✓
    Precision : 0.5000 (sklearn: 0.5000) ✓
    Recall    : 0.8974 (sklearn: 0.8974) ✓
    F1 Score  : 0.6422 (sklearn: 0.6422) ✓
    MCC       : 0.4888 (sklearn: 0.4888) ✓
  ✓ STRIDE Metrics (using local implementation):
    Accuracy  : 0.7891 (sklearn: 0.7891) ✓
    Precision : 0.7571 (sklearn: 0.7571) ✓
    Recall    : 0.8154 (sklearn: 0.8154) ✓
    F1 Score  : 0.7852 (sklearn: 0.7852) ✓
    MCC       : 0.5801 (sklearn: 0.5801) ✓
✓ Processing complete
  Note: Using first file for kith

================================================================================
Processing: receptor
================================================================================
  ✓ Extracting CA atoms... Found 275 residues
  ✓ Extracting DSSP data... Not available
  ✓ Extracting STRIDE data... 275 available
  ✓ Computing neighbor features... Done
  ✓ Classifying burial status... Done
  ✓ STRIDE Metrics (using local implementation):
    Accuracy  : 0.7818 (sklearn: 0.7818) ✓
    Precision : 0.7571 (sklearn: 0.7571) ✓
    Recall    : 0.8030 (sklearn: 0.8030) ✓
    F1 Score  : 0.7794 (sklearn: 0.7794) ✓
    MCC       : 0.5649 (sklearn: 0.5649) ✓
✓ Processing complete
  Note: Using first file for kith

================================================================================
Processing: fixed_receptor
================================================================================
  ✓ Extracting CA atoms... Found 305 residues
  ✓ Extracting DSSP data... 297 available
  ✓ Extracting STRIDE data... 297 available
  ✓ Computing neighbor features... Done
  ✓ Classifying burial status... Done
  ✓ DSSP Metrics (using local implementation):
    Accuracy  : 0.6768 (sklearn: 0.6768) ✓
    Precision : 0.4675 (sklearn: 0.4675) ✓
    Recall    : 0.8372 (sklearn: 0.8372) ✓
    F1 Score  : 0.6000 (sklearn: 0.6000) ✓
    MCC       : 0.4072 (sklearn: 0.4072) ✓
  ✓ STRIDE Metrics (using local implementation):
    Accuracy  : 0.7475 (sklearn: 0.7475) ✓
    Precision : 0.6883 (sklearn: 0.6883) ✓
    Recall    : 0.7970 (sklearn: 0.7970) ✓
    F1 Score  : 0.7387 (sklearn: 0.7387) ✓
    MCC       : 0.5019 (sklearn: 0.5019) ✓
✓ Processing complete

================================================================================
Processing: fixed_receptor_miniscript
================================================================================
  ✓ Extracting CA atoms... Found 305 residues
  ✓ Extracting DSSP data... 297 available
  ✓ Extracting STRIDE data... 297 available
  ✓ Computing neighbor features... Done
  ✓ Classifying burial status... Done
  ✓ DSSP Metrics (using local implementation):
    Accuracy  : 0.6768 (sklearn: 0.6768) ✓
    Precision : 0.4675 (sklearn: 0.4675) ✓
    Recall    : 0.8372 (sklearn: 0.8372) ✓
    F1 Score  : 0.6000 (sklearn: 0.6000) ✓
    MCC       : 0.4072 (sklearn: 0.4072) ✓
  ✓ STRIDE Metrics (using local implementation):
    Accuracy  : 0.7475 (sklearn: 0.7475) ✓
    Precision : 0.6883 (sklearn: 0.6883) ✓
    Recall    : 0.7970 (sklearn: 0.7970) ✓
    F1 Score  : 0.7387 (sklearn: 0.7387) ✓
    MCC       : 0.5019 (sklearn: 0.5019) ✓
✓ Processing complete
  Note: Using first file for kpcb

================================================================================
Processing: fixed_receptor_pdbfixer
================================================================================
  ✓ Extracting CA atoms... Found 302 residues
  ✓ Extracting DSSP data... 302 available
  ✓ Extracting STRIDE data... 302 available
  ✓ Computing neighbor features... Done
  ✓ Classifying burial status... Done
  ✓ DSSP Metrics (using local implementation):
    Accuracy  : 0.6854 (sklearn: 0.6854) ✓
    Precision : 0.4581 (sklearn: 0.4581) ✓
    Recall    : 0.8659 (sklearn: 0.8659) ✓
    F1 Score  : 0.5992 (sklearn: 0.5992) ✓
    MCC       : 0.4307 (sklearn: 0.4307) ✓
  ✓ STRIDE Metrics (using local implementation):
    Accuracy  : 0.7550 (sklearn: 0.7550) ✓
    Precision : 0.7032 (sklearn: 0.7032) ✓
    Recall    : 0.7956 (sklearn: 0.7956) ✓
    F1 Score  : 0.7466 (sklearn: 0.7466) ✓
    MCC       : 0.5148 (sklearn: 0.5148) ✓
✓ Processing complete
  Note: Using first file for kpcb

================================================================================
Processing: receptor
================================================================================
  ✓ Extracting CA atoms... Found 305 residues
  ✓ Extracting DSSP data... Not available
  ✓ Extracting STRIDE data... 297 available
  ✓ Computing neighbor features... Done
  ✓ Classifying burial status... Done
  ✓ STRIDE Metrics (using local implementation):
    Accuracy  : 0.7475 (sklearn: 0.7475) ✓
    Precision : 0.6883 (sklearn: 0.6883) ✓
    Recall    : 0.7970 (sklearn: 0.7970) ✓
    F1 Score  : 0.7387 (sklearn: 0.7387) ✓
    MCC       : 0.5019 (sklearn: 0.5019) ✓
✓ Processing complete
  Note: Using first file for kpcb

================================================================================
Processing: fixed_receptor
================================================================================
  ✓ Extracting CA atoms... Found 254 residues
  ✓ Extracting DSSP data... 254 available
  ✓ Extracting STRIDE data... 254 available
  ✓ Computing neighbor features... Done
  ✓ Classifying burial status... Done
  ✓ DSSP Metrics (using local implementation):
    Accuracy  : 0.6969 (sklearn: 0.6969) ✓
    Precision : 0.4634 (sklearn: 0.4634) ✓
    Recall    : 0.8382 (sklearn: 0.8382) ✓
    F1 Score  : 0.5969 (sklearn: 0.5969) ✓
    MCC       : 0.4283 (sklearn: 0.4283) ✓
  ✓ STRIDE Metrics (using local implementation):
    Accuracy  : 0.7756 (sklearn: 0.7756) ✓
    Precision : 0.7317 (sklearn: 0.7317) ✓
    Recall    : 0.7895 (sklearn: 0.7895) ✓
    F1 Score  : 0.7595 (sklearn: 0.7595) ✓
    MCC       : 0.5511 (sklearn: 0.5511) ✓
✓ Processing complete

================================================================================
Processing: fixed_receptor_miniscript
================================================================================
  ✓ Extracting CA atoms... Found 254 residues
  ✓ Extracting DSSP data... 254 available
  ✓ Extracting STRIDE data... 254 available
  ✓ Computing neighbor features... Done
  ✓ Classifying burial status... Done
  ✓ DSSP Metrics (using local implementation):
    Accuracy  : 0.6969 (sklearn: 0.6969) ✓
    Precision : 0.4634 (sklearn: 0.4634) ✓
    Recall    : 0.8382 (sklearn: 0.8382) ✓
    F1 Score  : 0.5969 (sklearn: 0.5969) ✓
    MCC       : 0.4283 (sklearn: 0.4283) ✓
  ✓ STRIDE Metrics (using local implementation):
    Accuracy  : 0.7756 (sklearn: 0.7756) ✓
    Precision : 0.7317 (sklearn: 0.7317) ✓
    Recall    : 0.7895 (sklearn: 0.7895) ✓
    F1 Score  : 0.7595 (sklearn: 0.7595) ✓
    MCC       : 0.5511 (sklearn: 0.5511) ✓
✓ Processing complete
  Note: Using first file for lck

================================================================================
Processing: fixed_receptor_pdbfixer
================================================================================
  ✓ Extracting CA atoms... Found 254 residues
  ✓ Extracting DSSP data... 254 available
  ✓ Extracting STRIDE data... 254 available
  ✓ Computing neighbor features... Done
  ✓ Classifying burial status... Done
  ✓ DSSP Metrics (using local implementation):
    Accuracy  : 0.6969 (sklearn: 0.6969) ✓
    Precision : 0.4634 (sklearn: 0.4634) ✓
    Recall    : 0.8382 (sklearn: 0.8382) ✓
    F1 Score  : 0.5969 (sklearn: 0.5969) ✓
    MCC       : 0.4283 (sklearn: 0.4283) ✓
  ✓ STRIDE Metrics (using local implementation):
    Accuracy  : 0.7756 (sklearn: 0.7756) ✓
    Precision : 0.7317 (sklearn: 0.7317) ✓
    Recall    : 0.7895 (sklearn: 0.7895) ✓
    F1 Score  : 0.7595 (sklearn: 0.7595) ✓
    MCC       : 0.5511 (sklearn: 0.5511) ✓
✓ Processing complete
  Note: Using first file for lck

================================================================================
Processing: receptor
================================================================================
  ✓ Extracting CA atoms... Found 254 residues
  ✓ Extracting DSSP data... Not available
  ✓ Extracting STRIDE data... 254 available
  ✓ Computing neighbor features... Done
  ✓ Classifying burial status... Done
  ✓ STRIDE Metrics (using local implementation):
    Accuracy  : 0.7756 (sklearn: 0.7756) ✓
    Precision : 0.7317 (sklearn: 0.7317) ✓
    Recall    : 0.7895 (sklearn: 0.7895) ✓
    F1 Score  : 0.7595 (sklearn: 0.7595) ✓
    MCC       : 0.5511 (sklearn: 0.5511) ✓
✓ Processing complete
  Note: Using first file for lck

================================================================================
Processing: fixed_receptor
================================================================================
  ✓ Extracting CA atoms... Found 482 residues
  ✓ Extracting DSSP data... 467 available
  ✓ Extracting STRIDE data... 467 available
  ✓ Computing neighbor features... Done
  ✓ Classifying burial status... Done
  ✓ DSSP Metrics (using local implementation):
    Accuracy  : 0.7730 (sklearn: 0.7730) ✓
    Precision : 0.4535 (sklearn: 0.4535) ✓
    Recall    : 0.8667 (sklearn: 0.8667) ✓
    F1 Score  : 0.5954 (sklearn: 0.5954) ✓
    MCC       : 0.5048 (sklearn: 0.5048) ✓
  ✓ STRIDE Metrics (using local implementation):
    Accuracy  : 0.7666 (sklearn: 0.7666) ✓
    Precision : 0.6395 (sklearn: 0.6395) ✓
    Recall    : 0.7006 (sklearn: 0.7006) ✓
    F1 Score  : 0.6687 (sklearn: 0.6687) ✓
    MCC       : 0.4903 (sklearn: 0.4903) ✓
✓ Processing complete

================================================================================
Processing: fixed_receptor_miniscript
================================================================================
  ✓ Extracting CA atoms... Found 482 residues
  ✓ Extracting DSSP data... 467 available
  ✓ Extracting STRIDE data... 467 available
  ✓ Computing neighbor features... Done
  ✓ Classifying burial status... Done
  ✓ DSSP Metrics (using local implementation):
    Accuracy  : 0.7730 (sklearn: 0.7730) ✓
    Precision : 0.4535 (sklearn: 0.4535) ✓
    Recall    : 0.8667 (sklearn: 0.8667) ✓
    F1 Score  : 0.5954 (sklearn: 0.5954) ✓
    MCC       : 0.5048 (sklearn: 0.5048) ✓
  ✓ STRIDE Metrics (using local implementation):
    Accuracy  : 0.7666 (sklearn: 0.7666) ✓
    Precision : 0.6395 (sklearn: 0.6395) ✓
    Recall    : 0.7006 (sklearn: 0.7006) ✓
    F1 Score  : 0.6687 (sklearn: 0.6687) ✓
    MCC       : 0.4903 (sklearn: 0.4903) ✓
✓ Processing complete
  Note: Using first file for lkha4

================================================================================
Processing: fixed_receptor_pdbfixer
================================================================================
  ✓ Extracting CA atoms... Found 479 residues
  ✓ Extracting DSSP data... 479 available
  ✓ Extracting STRIDE data... 479 available
  ✓ Computing neighbor features... Done
  ✓ Classifying burial status... Done
  ✓ DSSP Metrics (using local implementation):
    Accuracy  : 0.7620 (sklearn: 0.7620) ✓
    Precision : 0.4213 (sklearn: 0.4213) ✓
    Recall    : 0.8721 (sklearn: 0.8721) ✓
    F1 Score  : 0.5682 (sklearn: 0.5682) ✓
    MCC       : 0.4845 (sklearn: 0.4845) ✓
  ✓ STRIDE Metrics (using local implementation):
    Accuracy  : 0.7620 (sklearn: 0.7620) ✓
    Precision : 0.6348 (sklearn: 0.6348) ✓
    Recall    : 0.6975 (sklearn: 0.6975) ✓
    F1 Score  : 0.6647 (sklearn: 0.6647) ✓
    MCC       : 0.4822 (sklearn: 0.4822) ✓
✓ Processing complete
  Note: Using first file for lkha4

================================================================================
Processing: receptor
================================================================================
  ✓ Extracting CA atoms... Found 482 residues
  ✓ Extracting DSSP data... Not available
  ✓ Extracting STRIDE data... 467 available
  ✓ Computing neighbor features... Done
  ✓ Classifying burial status... Done
  ✓ STRIDE Metrics (using local implementation):
    Accuracy  : 0.7666 (sklearn: 0.7666) ✓
    Precision : 0.6395 (sklearn: 0.6395) ✓
    Recall    : 0.7006 (sklearn: 0.7006) ✓
    F1 Score  : 0.6687 (sklearn: 0.6687) ✓
    MCC       : 0.4903 (sklearn: 0.4903) ✓
✓ Processing complete
  Note: Using first file for lkha4

================================================================================
Processing: fixed_receptor
================================================================================
  ✓ Extracting CA atoms... Found 247 residues
  ✓ Extracting DSSP data... 247 available
  ✓ Extracting STRIDE data... 247 available
  ✓ Computing neighbor features... Done
  ✓ Classifying burial status... Done
  ✓ DSSP Metrics (using local implementation):
    Accuracy  : 0.7206 (sklearn: 0.7206) ✓
    Precision : 0.4862 (sklearn: 0.4862) ✓
    Recall    : 0.8030 (sklearn: 0.8030) ✓
    F1 Score  : 0.6057 (sklearn: 0.6057) ✓
    MCC       : 0.4399 (sklearn: 0.4399) ✓
  ✓ STRIDE Metrics (using local implementation):
    Accuracy  : 0.7490 (sklearn: 0.7490) ✓
    Precision : 0.7339 (sklearn: 0.7339) ✓
    Recall    : 0.7080 (sklearn: 0.7080) ✓
    F1 Score  : 0.7207 (sklearn: 0.7207) ✓
    MCC       : 0.4932 (sklearn: 0.4932) ✓
✓ Processing complete

================================================================================
Processing: fixed_receptor_miniscript
================================================================================
  ✓ Extracting CA atoms... Found 247 residues
  ✓ Extracting DSSP data... 247 available
  ✓ Extracting STRIDE data... 247 available
  ✓ Computing neighbor features... Done
  ✓ Classifying burial status... Done
  ✓ DSSP Metrics (using local implementation):
    Accuracy  : 0.7206 (sklearn: 0.7206) ✓
    Precision : 0.4862 (sklearn: 0.4862) ✓
    Recall    : 0.8030 (sklearn: 0.8030) ✓
    F1 Score  : 0.6057 (sklearn: 0.6057) ✓
    MCC       : 0.4399 (sklearn: 0.4399) ✓
  ✓ STRIDE Metrics (using local implementation):
    Accuracy  : 0.7490 (sklearn: 0.7490) ✓
    Precision : 0.7339 (sklearn: 0.7339) ✓
    Recall    : 0.7080 (sklearn: 0.7080) ✓
    F1 Score  : 0.7207 (sklearn: 0.7207) ✓
    MCC       : 0.4932 (sklearn: 0.4932) ✓
✓ Processing complete
  Note: Using first file for mapk2

================================================================================
Processing: fixed_receptor_pdbfixer
================================================================================
  ✓ Extracting CA atoms... Found 247 residues
  ✓ Extracting DSSP data... 247 available
  ✓ Extracting STRIDE data... 247 available
  ✓ Computing neighbor features... Done
  ✓ Classifying burial status... Done
  ✓ DSSP Metrics (using local implementation):
    Accuracy  : 0.7206 (sklearn: 0.7206) ✓
    Precision : 0.4862 (sklearn: 0.4862) ✓
    Recall    : 0.8030 (sklearn: 0.8030) ✓
    F1 Score  : 0.6057 (sklearn: 0.6057) ✓
    MCC       : 0.4399 (sklearn: 0.4399) ✓
  ✓ STRIDE Metrics (using local implementation):
    Accuracy  : 0.7490 (sklearn: 0.7490) ✓
    Precision : 0.7339 (sklearn: 0.7339) ✓
    Recall    : 0.7080 (sklearn: 0.7080) ✓
    F1 Score  : 0.7207 (sklearn: 0.7207) ✓
    MCC       : 0.4932 (sklearn: 0.4932) ✓
✓ Processing complete
  Note: Using first file for mapk2

================================================================================
Processing: receptor
================================================================================
  ✓ Extracting CA atoms... Found 247 residues
  ✓ Extracting DSSP data... Not available
  ✓ Extracting STRIDE data... 247 available
  ✓ Computing neighbor features... Done
  ✓ Classifying burial status... Done
  ✓ STRIDE Metrics (using local implementation):
    Accuracy  : 0.7490 (sklearn: 0.7490) ✓
    Precision : 0.7339 (sklearn: 0.7339) ✓
    Recall    : 0.7080 (sklearn: 0.7080) ✓
    F1 Score  : 0.7207 (sklearn: 0.7207) ✓
    MCC       : 0.4932 (sklearn: 0.4932) ✓
✓ Processing complete
  Note: Using first file for mapk2

================================================================================
Processing: fixed_receptor
================================================================================
  ✓ Extracting CA atoms... Found 225 residues
  ✓ Extracting DSSP data... 225 available
  ✓ Extracting STRIDE data... 225 available
  ✓ Computing neighbor features... Done
  ✓ Classifying burial status... Done
  ✓ DSSP Metrics (using local implementation):
    Accuracy  : 0.7378 (sklearn: 0.7378) ✓
    Precision : 0.4375 (sklearn: 0.4375) ✓
    Recall    : 0.7143 (sklearn: 0.7143) ✓
    F1 Score  : 0.5426 (sklearn: 0.5426) ✓
    MCC       : 0.3954 (sklearn: 0.3954) ✓
  ✓ STRIDE Metrics (using local implementation):
    Accuracy  : 0.6978 (sklearn: 0.6978) ✓
    Precision : 0.6625 (sklearn: 0.6625) ✓
    Recall    : 0.5638 (sklearn: 0.5638) ✓
    F1 Score  : 0.6092 (sklearn: 0.6092) ✓
    MCC       : 0.3686 (sklearn: 0.3686) ✓
✓ Processing complete

================================================================================
Processing: fixed_receptor_miniscript
================================================================================
  ✓ Extracting CA atoms... Found 225 residues
  ✓ Extracting DSSP data... 225 available
  ✓ Extracting STRIDE data... 225 available
  ✓ Computing neighbor features... Done
  ✓ Classifying burial status... Done
  ✓ DSSP Metrics (using local implementation):
    Accuracy  : 0.7378 (sklearn: 0.7378) ✓
    Precision : 0.4375 (sklearn: 0.4375) ✓
    Recall    : 0.7143 (sklearn: 0.7143) ✓
    F1 Score  : 0.5426 (sklearn: 0.5426) ✓
    MCC       : 0.3954 (sklearn: 0.3954) ✓
  ✓ STRIDE Metrics (using local implementation):
    Accuracy  : 0.6978 (sklearn: 0.6978) ✓
    Precision : 0.6625 (sklearn: 0.6625) ✓
    Recall    : 0.5638 (sklearn: 0.5638) ✓
    F1 Score  : 0.6092 (sklearn: 0.6092) ✓
    MCC       : 0.3686 (sklearn: 0.3686) ✓
✓ Processing complete
  Note: Using first file for mcr

================================================================================
Processing: fixed_receptor_pdbfixer
================================================================================
  ✓ Extracting CA atoms... Found 225 residues
  ✓ Extracting DSSP data... 225 available
  ✓ Extracting STRIDE data... 225 available
  ✓ Computing neighbor features... Done
  ✓ Classifying burial status... Done
  ✓ DSSP Metrics (using local implementation):
    Accuracy  : 0.7422 (sklearn: 0.7422) ✓
    Precision : 0.4500 (sklearn: 0.4500) ✓
    Recall    : 0.7200 (sklearn: 0.7200) ✓
    F1 Score  : 0.5538 (sklearn: 0.5538) ✓
    MCC       : 0.4070 (sklearn: 0.4070) ✓
  ✓ STRIDE Metrics (using local implementation):
    Accuracy  : 0.6933 (sklearn: 0.6933) ✓
    Precision : 0.6500 (sklearn: 0.6500) ✓
    Recall    : 0.5591 (sklearn: 0.5591) ✓
    F1 Score  : 0.6012 (sklearn: 0.6012) ✓
    MCC       : 0.3570 (sklearn: 0.3570) ✓
✓ Processing complete
  Note: Using first file for mcr

================================================================================
Processing: receptor
================================================================================
  ✓ Extracting CA atoms... Found 225 residues
  ✓ Extracting DSSP data... Not available
  ✓ Extracting STRIDE data... 225 available
  ✓ Computing neighbor features... Done
  ✓ Classifying burial status... Done
  ✓ STRIDE Metrics (using local implementation):
    Accuracy  : 0.6978 (sklearn: 0.6978) ✓
    Precision : 0.6625 (sklearn: 0.6625) ✓
    Recall    : 0.5638 (sklearn: 0.5638) ✓
    F1 Score  : 0.6092 (sklearn: 0.6092) ✓
    MCC       : 0.3686 (sklearn: 0.3686) ✓
✓ Processing complete
  Note: Using first file for mcr

================================================================================
Processing: fixed_receptor
================================================================================
  ✓ Extracting CA atoms... Found 267 residues
  ✓ Extracting DSSP data... 267 available
  ✓ Extracting STRIDE data... 267 available
  ✓ Computing neighbor features... Done
  ✓ Classifying burial status... Done
  ✓ DSSP Metrics (using local implementation):
    Accuracy  : 0.7453 (sklearn: 0.7453) ✓
    Precision : 0.4957 (sklearn: 0.4957) ✓
    Recall    : 0.8507 (sklearn: 0.8507) ✓
    F1 Score  : 0.6264 (sklearn: 0.6264) ✓
    MCC       : 0.4910 (sklearn: 0.4910) ✓
  ✓ STRIDE Metrics (using local implementation):
    Accuracy  : 0.7790 (sklearn: 0.7790) ✓
    Precision : 0.7652 (sklearn: 0.7652) ✓
    Recall    : 0.7333 (sklearn: 0.7333) ✓
    F1 Score  : 0.7489 (sklearn: 0.7489) ✓
    MCC       : 0.5522 (sklearn: 0.5522) ✓
✓ Processing complete

================================================================================
Processing: fixed_receptor_miniscript
================================================================================
  ✓ Extracting CA atoms... Found 267 residues
  ✓ Extracting DSSP data... 267 available
  ✓ Extracting STRIDE data... 267 available
  ✓ Computing neighbor features... Done
  ✓ Classifying burial status... Done
  ✓ DSSP Metrics (using local implementation):
    Accuracy  : 0.7453 (sklearn: 0.7453) ✓
    Precision : 0.4957 (sklearn: 0.4957) ✓
    Recall    : 0.8507 (sklearn: 0.8507) ✓
    F1 Score  : 0.6264 (sklearn: 0.6264) ✓
    MCC       : 0.4910 (sklearn: 0.4910) ✓
  ✓ STRIDE Metrics (using local implementation):
    Accuracy  : 0.7790 (sklearn: 0.7790) ✓
    Precision : 0.7652 (sklearn: 0.7652) ✓
    Recall    : 0.7333 (sklearn: 0.7333) ✓
    F1 Score  : 0.7489 (sklearn: 0.7489) ✓
    MCC       : 0.5522 (sklearn: 0.5522) ✓
✓ Processing complete
  Note: Using first file for met

================================================================================
Processing: fixed_receptor_pdbfixer
================================================================================
  ✓ Extracting CA atoms... Found 267 residues
  ✓ Extracting DSSP data... 267 available
  ✓ Extracting STRIDE data... 267 available
  ✓ Computing neighbor features... Done
  ✓ Classifying burial status... Done
  ✓ DSSP Metrics (using local implementation):
    Accuracy  : 0.7491 (sklearn: 0.7491) ✓
    Precision : 0.5043 (sklearn: 0.5043) ✓
    Recall    : 0.8529 (sklearn: 0.8529) ✓
    F1 Score  : 0.6339 (sklearn: 0.6339) ✓
    MCC       : 0.4984 (sklearn: 0.4984) ✓
  ✓ STRIDE Metrics (using local implementation):
    Accuracy  : 0.7790 (sklearn: 0.7790) ✓
    Precision : 0.7652 (sklearn: 0.7652) ✓
    Recall    : 0.7333 (sklearn: 0.7333) ✓
    F1 Score  : 0.7489 (sklearn: 0.7489) ✓
    MCC       : 0.5522 (sklearn: 0.5522) ✓
✓ Processing complete
  Note: Using first file for met

================================================================================
Processing: receptor
================================================================================
  ✓ Extracting CA atoms... Found 267 residues
  ✓ Extracting DSSP data... Not available
  ✓ Extracting STRIDE data... 267 available
  ✓ Computing neighbor features... Done
  ✓ Classifying burial status... Done
  ✓ STRIDE Metrics (using local implementation):
    Accuracy  : 0.7790 (sklearn: 0.7790) ✓
    Precision : 0.7652 (sklearn: 0.7652) ✓
    Recall    : 0.7333 (sklearn: 0.7333) ✓
    F1 Score  : 0.7489 (sklearn: 0.7489) ✓
    MCC       : 0.5522 (sklearn: 0.5522) ✓
✓ Processing complete
  Note: Using first file for met

================================================================================
Processing: fixed_receptor
================================================================================
  ✓ Extracting CA atoms... Found 262 residues
  ✓ Extracting DSSP data... 262 available
  ✓ Extracting STRIDE data... 262 available
  ✓ Computing neighbor features... Done
  ✓ Classifying burial status... Done
  ✓ DSSP Metrics (using local implementation):
    Accuracy  : 0.7137 (sklearn: 0.7137) ✓
    Precision : 0.4419 (sklearn: 0.4419) ✓
    Recall    : 0.9500 (sklearn: 0.9500) ✓
    F1 Score  : 0.6032 (sklearn: 0.6032) ✓
    MCC       : 0.4989 (sklearn: 0.4989) ✓
  ✓ STRIDE Metrics (using local implementation):
    Accuracy  : 0.7863 (sklearn: 0.7863) ✓
    Precision : 0.7054 (sklearn: 0.7054) ✓
    Recall    : 0.8349 (sklearn: 0.8349) ✓
    F1 Score  : 0.7647 (sklearn: 0.7647) ✓
    MCC       : 0.5782 (sklearn: 0.5782) ✓
✓ Processing complete

================================================================================
Processing: fixed_receptor_miniscript
================================================================================
  ✓ Extracting CA atoms... Found 262 residues
  ✓ Extracting DSSP data... 262 available
  ✓ Extracting STRIDE data... 262 available
  ✓ Computing neighbor features... Done
  ✓ Classifying burial status... Done
  ✓ DSSP Metrics (using local implementation):
    Accuracy  : 0.7137 (sklearn: 0.7137) ✓
    Precision : 0.4419 (sklearn: 0.4419) ✓
    Recall    : 0.9500 (sklearn: 0.9500) ✓
    F1 Score  : 0.6032 (sklearn: 0.6032) ✓
    MCC       : 0.4989 (sklearn: 0.4989) ✓
  ✓ STRIDE Metrics (using local implementation):
    Accuracy  : 0.7863 (sklearn: 0.7863) ✓
    Precision : 0.7054 (sklearn: 0.7054) ✓
    Recall    : 0.8349 (sklearn: 0.8349) ✓
    F1 Score  : 0.7647 (sklearn: 0.7647) ✓
    MCC       : 0.5782 (sklearn: 0.5782) ✓
✓ Processing complete
  Note: Using first file for mk01

================================================================================
Processing: fixed_receptor_pdbfixer
================================================================================
  ✓ Extracting CA atoms... Found 262 residues
  ✓ Extracting DSSP data... 262 available
  ✓ Extracting STRIDE data... 262 available
  ✓ Computing neighbor features... Done
  ✓ Classifying burial status... Done
  ✓ DSSP Metrics (using local implementation):
    Accuracy  : 0.7137 (sklearn: 0.7137) ✓
    Precision : 0.4419 (sklearn: 0.4419) ✓
    Recall    : 0.9500 (sklearn: 0.9500) ✓
    F1 Score  : 0.6032 (sklearn: 0.6032) ✓
    MCC       : 0.4989 (sklearn: 0.4989) ✓
  ✓ STRIDE Metrics (using local implementation):
    Accuracy  : 0.7863 (sklearn: 0.7863) ✓
    Precision : 0.7054 (sklearn: 0.7054) ✓
    Recall    : 0.8349 (sklearn: 0.8349) ✓
    F1 Score  : 0.7647 (sklearn: 0.7647) ✓
    MCC       : 0.5782 (sklearn: 0.5782) ✓
✓ Processing complete
  Note: Using first file for mk01

================================================================================
Processing: receptor
================================================================================
  ✓ Extracting CA atoms... Found 262 residues
  ✓ Extracting DSSP data... Not available
  ✓ Extracting STRIDE data... 262 available
  ✓ Computing neighbor features... Done
  ✓ Classifying burial status... Done
  ✓ STRIDE Metrics (using local implementation):
    Accuracy  : 0.7863 (sklearn: 0.7863) ✓
    Precision : 0.7054 (sklearn: 0.7054) ✓
    Recall    : 0.8349 (sklearn: 0.8349) ✓
    F1 Score  : 0.7647 (sklearn: 0.7647) ✓
    MCC       : 0.5782 (sklearn: 0.5782) ✓
✓ Processing complete
  Note: Using first file for mk01

================================================================================
Processing: fixed_receptor
================================================================================
  ✓ Extracting CA atoms... Found 266 residues
  ✓ Extracting DSSP data... 266 available
  ✓ Extracting STRIDE data... 266 available
  ✓ Computing neighbor features... Done
  ✓ Classifying burial status... Done
  ✓ DSSP Metrics (using local implementation):
    Accuracy  : 0.6654 (sklearn: 0.6654) ✓
    Precision : 0.4091 (sklearn: 0.4091) ✓
    Recall    : 0.8308 (sklearn: 0.8308) ✓
    F1 Score  : 0.5482 (sklearn: 0.5482) ✓
    MCC       : 0.3805 (sklearn: 0.3805) ✓
  ✓ STRIDE Metrics (using local implementation):
    Accuracy  : 0.7632 (sklearn: 0.7632) ✓
    Precision : 0.7121 (sklearn: 0.7121) ✓
    Recall    : 0.7899 (sklearn: 0.7899) ✓
    F1 Score  : 0.7490 (sklearn: 0.7490) ✓
    MCC       : 0.5285 (sklearn: 0.5285) ✓
✓ Processing complete

================================================================================
Processing: fixed_receptor_miniscript
================================================================================
  ✓ Extracting CA atoms... Found 266 residues
  ✓ Extracting DSSP data... 266 available
  ✓ Extracting STRIDE data... 266 available
  ✓ Computing neighbor features... Done
  ✓ Classifying burial status... Done
  ✓ DSSP Metrics (using local implementation):
    Accuracy  : 0.6654 (sklearn: 0.6654) ✓
    Precision : 0.4091 (sklearn: 0.4091) ✓
    Recall    : 0.8308 (sklearn: 0.8308) ✓
    F1 Score  : 0.5482 (sklearn: 0.5482) ✓
    MCC       : 0.3805 (sklearn: 0.3805) ✓
  ✓ STRIDE Metrics (using local implementation):
    Accuracy  : 0.7632 (sklearn: 0.7632) ✓
    Precision : 0.7121 (sklearn: 0.7121) ✓
    Recall    : 0.7899 (sklearn: 0.7899) ✓
    F1 Score  : 0.7490 (sklearn: 0.7490) ✓
    MCC       : 0.5285 (sklearn: 0.5285) ✓
✓ Processing complete
  Note: Using first file for mk10

================================================================================
Processing: fixed_receptor_pdbfixer
================================================================================
  ✓ Extracting CA atoms... Found 266 residues
  ✓ Extracting DSSP data... 266 available
  ✓ Extracting STRIDE data... 266 available
  ✓ Computing neighbor features... Done
  ✓ Classifying burial status... Done
  ✓ DSSP Metrics (using local implementation):
    Accuracy  : 0.6617 (sklearn: 0.6617) ✓
    Precision : 0.4015 (sklearn: 0.4015) ✓
    Recall    : 0.8281 (sklearn: 0.8281) ✓
    F1 Score  : 0.5408 (sklearn: 0.5408) ✓
    MCC       : 0.3736 (sklearn: 0.3736) ✓
  ✓ STRIDE Metrics (using local implementation):
    Accuracy  : 0.7669 (sklearn: 0.7669) ✓
    Precision : 0.7121 (sklearn: 0.7121) ✓
    Recall    : 0.7966 (sklearn: 0.7966) ✓
    F1 Score  : 0.7520 (sklearn: 0.7520) ✓
    MCC       : 0.5364 (sklearn: 0.5364) ✓
✓ Processing complete
  Note: Using first file for mk10

================================================================================
Processing: receptor
================================================================================
  ✓ Extracting CA atoms... Found 266 residues
  ✓ Extracting DSSP data... Not available
  ✓ Extracting STRIDE data... 266 available
  ✓ Computing neighbor features... Done
  ✓ Classifying burial status... Done
  ✓ STRIDE Metrics (using local implementation):
    Accuracy  : 0.7632 (sklearn: 0.7632) ✓
    Precision : 0.7121 (sklearn: 0.7121) ✓
    Recall    : 0.7899 (sklearn: 0.7899) ✓
    F1 Score  : 0.7490 (sklearn: 0.7490) ✓
    MCC       : 0.5285 (sklearn: 0.5285) ✓
✓ Processing complete
  Note: Using first file for mk10

================================================================================
Processing: fixed_receptor
================================================================================
  ✓ Extracting CA atoms... Found 266 residues
  ✓ Extracting DSSP data... 266 available
  ✓ Extracting STRIDE data... 266 available
  ✓ Computing neighbor features... Done
  ✓ Classifying burial status... Done
  ✓ DSSP Metrics (using local implementation):
    Accuracy  : 0.7030 (sklearn: 0.7030) ✓
    Precision : 0.4701 (sklearn: 0.4701) ✓
    Recall    : 0.8873 (sklearn: 0.8873) ✓
    F1 Score  : 0.6146 (sklearn: 0.6146) ✓
    MCC       : 0.4629 (sklearn: 0.4629) ✓
  ✓ STRIDE Metrics (using local implementation):
    Accuracy  : 0.7707 (sklearn: 0.7707) ✓
    Precision : 0.6940 (sklearn: 0.6940) ✓
    Recall    : 0.8230 (sklearn: 0.8230) ✓
    F1 Score  : 0.7530 (sklearn: 0.7530) ✓
    MCC       : 0.5487 (sklearn: 0.5487) ✓
✓ Processing complete

================================================================================
Processing: fixed_receptor_miniscript
================================================================================
  ✓ Extracting CA atoms... Found 266 residues
  ✓ Extracting DSSP data... 266 available
  ✓ Extracting STRIDE data... 266 available
  ✓ Computing neighbor features... Done
  ✓ Classifying burial status... Done
  ✓ DSSP Metrics (using local implementation):
    Accuracy  : 0.7030 (sklearn: 0.7030) ✓
    Precision : 0.4701 (sklearn: 0.4701) ✓
    Recall    : 0.8873 (sklearn: 0.8873) ✓
    F1 Score  : 0.6146 (sklearn: 0.6146) ✓
    MCC       : 0.4629 (sklearn: 0.4629) ✓
  ✓ STRIDE Metrics (using local implementation):
    Accuracy  : 0.7707 (sklearn: 0.7707) ✓
    Precision : 0.6940 (sklearn: 0.6940) ✓
    Recall    : 0.8230 (sklearn: 0.8230) ✓
    F1 Score  : 0.7530 (sklearn: 0.7530) ✓
    MCC       : 0.5487 (sklearn: 0.5487) ✓
✓ Processing complete
  Note: Using first file for mk14

================================================================================
Processing: fixed_receptor_pdbfixer
================================================================================
  ✓ Extracting CA atoms... Found 266 residues
  ✓ Extracting DSSP data... 266 available
  ✓ Extracting STRIDE data... 266 available
  ✓ Computing neighbor features... Done
  ✓ Classifying burial status... Done
  ✓ DSSP Metrics (using local implementation):
    Accuracy  : 0.7030 (sklearn: 0.7030) ✓
    Precision : 0.4701 (sklearn: 0.4701) ✓
    Recall    : 0.8873 (sklearn: 0.8873) ✓
    F1 Score  : 0.6146 (sklearn: 0.6146) ✓
    MCC       : 0.4629 (sklearn: 0.4629) ✓
  ✓ STRIDE Metrics (using local implementation):
    Accuracy  : 0.7669 (sklearn: 0.7669) ✓
    Precision : 0.6866 (sklearn: 0.6866) ✓
    Recall    : 0.8214 (sklearn: 0.8214) ✓
    F1 Score  : 0.7480 (sklearn: 0.7480) ✓
    MCC       : 0.5418 (sklearn: 0.5418) ✓
✓ Processing complete
  Note: Using first file for mk14

================================================================================
Processing: receptor
================================================================================
  ✓ Extracting CA atoms... Found 266 residues
  ✓ Extracting DSSP data... Not available
  ✓ Extracting STRIDE data... 266 available
  ✓ Computing neighbor features... Done
  ✓ Classifying burial status... Done
  ✓ STRIDE Metrics (using local implementation):
    Accuracy  : 0.7707 (sklearn: 0.7707) ✓
    Precision : 0.6940 (sklearn: 0.6940) ✓
    Recall    : 0.8230 (sklearn: 0.8230) ✓
    F1 Score  : 0.7530 (sklearn: 0.7530) ✓
    MCC       : 0.5487 (sklearn: 0.5487) ✓
✓ Processing complete
  Note: Using first file for mk14

================================================================================
Processing: fixed_receptor
================================================================================
  ✓ Extracting CA atoms... Found 193 residues
  ✓ Extracting DSSP data... 184 available
  ✓ Extracting STRIDE data... 184 available
  ✓ Computing neighbor features... Done
  ✓ Classifying burial status... Done
  ✓ DSSP Metrics (using local implementation):
    Accuracy  : 0.7065 (sklearn: 0.7065) ✓
    Precision : 0.5657 (sklearn: 0.5657) ✓
    Recall    : 0.8358 (sklearn: 0.8358) ✓
    F1 Score  : 0.6747 (sklearn: 0.6747) ✓
    MCC       : 0.4520 (sklearn: 0.4520) ✓
  ✓ STRIDE Metrics (using local implementation):
    Accuracy  : 0.7500 (sklearn: 0.7500) ✓
    Precision : 0.7172 (sklearn: 0.7172) ✓
    Recall    : 0.7978 (sklearn: 0.7978) ✓
    F1 Score  : 0.7553 (sklearn: 0.7553) ✓
    MCC       : 0.5042 (sklearn: 0.5042) ✓
✓ Processing complete

================================================================================
Processing: fixed_receptor_miniscript
================================================================================
  ✓ Extracting CA atoms... Found 193 residues
  ✓ Extracting DSSP data... 184 available
  ✓ Extracting STRIDE data... 184 available
  ✓ Computing neighbor features... Done
  ✓ Classifying burial status... Done
  ✓ DSSP Metrics (using local implementation):
    Accuracy  : 0.7065 (sklearn: 0.7065) ✓
    Precision : 0.5657 (sklearn: 0.5657) ✓
    Recall    : 0.8358 (sklearn: 0.8358) ✓
    F1 Score  : 0.6747 (sklearn: 0.6747) ✓
    MCC       : 0.4520 (sklearn: 0.4520) ✓
  ✓ STRIDE Metrics (using local implementation):
    Accuracy  : 0.7500 (sklearn: 0.7500) ✓
    Precision : 0.7172 (sklearn: 0.7172) ✓
    Recall    : 0.7978 (sklearn: 0.7978) ✓
    F1 Score  : 0.7553 (sklearn: 0.7553) ✓
    MCC       : 0.5042 (sklearn: 0.5042) ✓
✓ Processing complete
  Note: Using first file for mmp13

================================================================================
Processing: fixed_receptor_pdbfixer
================================================================================
  ✓ Extracting CA atoms... Found 193 residues
  ✓ Extracting DSSP data... 193 available
  ✓ Extracting STRIDE data... 193 available
  ✓ Computing neighbor features... Done
  ✓ Classifying burial status... Done
  ✓ DSSP Metrics (using local implementation):
    Accuracy  : 0.7098 (sklearn: 0.7098) ✓
    Precision : 0.5288 (sklearn: 0.5288) ✓
    Recall    : 0.8871 (sklearn: 0.8871) ✓
    F1 Score  : 0.6627 (sklearn: 0.6627) ✓
    MCC       : 0.4806 (sklearn: 0.4806) ✓
  ✓ STRIDE Metrics (using local implementation):
    Accuracy  : 0.7461 (sklearn: 0.7461) ✓
    Precision : 0.7115 (sklearn: 0.7115) ✓
    Recall    : 0.7957 (sklearn: 0.7957) ✓
    F1 Score  : 0.7513 (sklearn: 0.7513) ✓
    MCC       : 0.4969 (sklearn: 0.4969) ✓
✓ Processing complete
  Note: Using first file for mmp13

================================================================================
Processing: receptor
================================================================================
  ✓ Extracting CA atoms... Found 193 residues
  ✓ Extracting DSSP data... Not available
  ✓ Extracting STRIDE data... 184 available
  ✓ Computing neighbor features... Done
  ✓ Classifying burial status... Done
  ✓ STRIDE Metrics (using local implementation):
    Accuracy  : 0.7500 (sklearn: 0.7500) ✓
    Precision : 0.7172 (sklearn: 0.7172) ✓
    Recall    : 0.7978 (sklearn: 0.7978) ✓
    F1 Score  : 0.7553 (sklearn: 0.7553) ✓
    MCC       : 0.5042 (sklearn: 0.5042) ✓
✓ Processing complete
  Note: Using first file for mmp13

================================================================================
Processing: fixed_receptor
================================================================================
  ✓ Extracting CA atoms... Found 312 residues
  ✓ Extracting DSSP data... 304 available
  ✓ Extracting STRIDE data... 304 available
  ✓ Computing neighbor features... Done
  ✓ Classifying burial status... Done
  ✓ DSSP Metrics (using local implementation):
    Accuracy  : 0.7237 (sklearn: 0.7237) ✓
    Precision : 0.4818 (sklearn: 0.4818) ✓
    Recall    : 0.8354 (sklearn: 0.8354) ✓
    F1 Score  : 0.6111 (sklearn: 0.6111) ✓
    MCC       : 0.4582 (sklearn: 0.4582) ✓
  ✓ STRIDE Metrics (using local implementation):
    Accuracy  : 0.7401 (sklearn: 0.7401) ✓
    Precision : 0.6861 (sklearn: 0.6861) ✓
    Recall    : 0.7231 (sklearn: 0.7231) ✓
    F1 Score  : 0.7041 (sklearn: 0.7041) ✓
    MCC       : 0.4732 (sklearn: 0.4732) ✓
✓ Processing complete

================================================================================
Processing: fixed_receptor_miniscript
================================================================================
  ✓ Extracting CA atoms... Found 312 residues
  ✓ Extracting DSSP data... 304 available
  ✓ Extracting STRIDE data... 304 available
  ✓ Computing neighbor features... Done
  ✓ Classifying burial status... Done
  ✓ DSSP Metrics (using local implementation):
    Accuracy  : 0.7237 (sklearn: 0.7237) ✓
    Precision : 0.4818 (sklearn: 0.4818) ✓
    Recall    : 0.8354 (sklearn: 0.8354) ✓
    F1 Score  : 0.6111 (sklearn: 0.6111) ✓
    MCC       : 0.4582 (sklearn: 0.4582) ✓
  ✓ STRIDE Metrics (using local implementation):
    Accuracy  : 0.7401 (sklearn: 0.7401) ✓
    Precision : 0.6861 (sklearn: 0.6861) ✓
    Recall    : 0.7231 (sklearn: 0.7231) ✓
    F1 Score  : 0.7041 (sklearn: 0.7041) ✓
    MCC       : 0.4732 (sklearn: 0.4732) ✓
✓ Processing complete
  Note: Using first file for mp2k1

================================================================================
Processing: fixed_receptor_pdbfixer
================================================================================
  ✓ Extracting CA atoms... Found 312 residues
  ✓ Extracting DSSP data... 312 available
  ✓ Extracting STRIDE data... 312 available
  ✓ Computing neighbor features... Done
  ✓ Classifying burial status... Done
  ✓ DSSP Metrics (using local implementation):
    Accuracy  : 0.7115 (sklearn: 0.7115) ✓
    Precision : 0.4507 (sklearn: 0.4507) ✓
    Recall    : 0.8421 (sklearn: 0.8421) ✓
    F1 Score  : 0.5872 (sklearn: 0.5872) ✓
    MCC       : 0.4410 (sklearn: 0.4410) ✓
  ✓ STRIDE Metrics (using local implementation):
    Accuracy  : 0.7404 (sklearn: 0.7404) ✓
    Precision : 0.6831 (sklearn: 0.6831) ✓
    Recall    : 0.7293 (sklearn: 0.7293) ✓
    F1 Score  : 0.7055 (sklearn: 0.7055) ✓
    MCC       : 0.4746 (sklearn: 0.4746) ✓
✓ Processing complete
  Note: Using first file for mp2k1

================================================================================
Processing: receptor
================================================================================
  ✓ Extracting CA atoms... Found 312 residues
  ✓ Extracting DSSP data... Not available
  ✓ Extracting STRIDE data... 304 available
  ✓ Computing neighbor features... Done
  ✓ Classifying burial status... Done
  ✓ STRIDE Metrics (using local implementation):
    Accuracy  : 0.7401 (sklearn: 0.7401) ✓
    Precision : 0.6861 (sklearn: 0.6861) ✓
    Recall    : 0.7231 (sklearn: 0.7231) ✓
    F1 Score  : 0.7041 (sklearn: 0.7041) ✓
    MCC       : 0.4732 (sklearn: 0.4732) ✓
✓ Processing complete
  Note: Using first file for mp2k1

================================================================================
Processing: fixed_receptor
================================================================================
  ✓ Extracting CA atoms... Found 355 residues
  ✓ Extracting DSSP data... 340 available
  ✓ Extracting STRIDE data... 340 available
  ✓ Computing neighbor features... Done
  ✓ Classifying burial status... Done
  ✓ DSSP Metrics (using local implementation):
    Accuracy  : 0.7118 (sklearn: 0.7118) ✓
    Precision : 0.4872 (sklearn: 0.4872) ✓
    Recall    : 0.8085 (sklearn: 0.8085) ✓
    F1 Score  : 0.6080 (sklearn: 0.6080) ✓
    MCC       : 0.4338 (sklearn: 0.4338) ✓
  ✓ STRIDE Metrics (using local implementation):
    Accuracy  : 0.7059 (sklearn: 0.7059) ✓
    Precision : 0.6154 (sklearn: 0.6154) ✓
    Recall    : 0.7059 (sklearn: 0.7059) ✓
    F1 Score  : 0.6575 (sklearn: 0.6575) ✓
    MCC       : 0.4048 (sklearn: 0.4048) ✓
✓ Processing complete

================================================================================
Processing: fixed_receptor_miniscript
================================================================================
  ✓ Extracting CA atoms... Found 355 residues
  ✓ Extracting DSSP data... 340 available
  ✓ Extracting STRIDE data... 340 available
  ✓ Computing neighbor features... Done
  ✓ Classifying burial status... Done
  ✓ DSSP Metrics (using local implementation):
    Accuracy  : 0.7118 (sklearn: 0.7118) ✓
    Precision : 0.4872 (sklearn: 0.4872) ✓
    Recall    : 0.8085 (sklearn: 0.8085) ✓
    F1 Score  : 0.6080 (sklearn: 0.6080) ✓
    MCC       : 0.4338 (sklearn: 0.4338) ✓
  ✓ STRIDE Metrics (using local implementation):
    Accuracy  : 0.7059 (sklearn: 0.7059) ✓
    Precision : 0.6154 (sklearn: 0.6154) ✓
    Recall    : 0.7059 (sklearn: 0.7059) ✓
    F1 Score  : 0.6575 (sklearn: 0.6575) ✓
    MCC       : 0.4048 (sklearn: 0.4048) ✓
✓ Processing complete
  Note: Using first file for nos1

================================================================================
Processing: fixed_receptor_pdbfixer
================================================================================
  ✓ Extracting CA atoms... Found 352 residues
  ✓ Extracting DSSP data... 352 available
  ✓ Extracting STRIDE data... 352 available
  ✓ Computing neighbor features... Done
  ✓ Classifying burial status... Done
  ✓ DSSP Metrics (using local implementation):
    Accuracy  : 0.7102 (sklearn: 0.7102) ✓
    Precision : 0.4606 (sklearn: 0.4606) ✓
    Recall    : 0.8539 (sklearn: 0.8539) ✓
    F1 Score  : 0.5984 (sklearn: 0.5984) ✓
    MCC       : 0.4490 (sklearn: 0.4490) ✓
  ✓ STRIDE Metrics (using local implementation):
    Accuracy  : 0.7045 (sklearn: 0.7045) ✓
    Precision : 0.6182 (sklearn: 0.6182) ✓
    Recall    : 0.7133 (sklearn: 0.7133) ✓
    F1 Score  : 0.6623 (sklearn: 0.6623) ✓
    MCC       : 0.4053 (sklearn: 0.4053) ✓
✓ Processing complete
  Note: Using first file for nos1

================================================================================
Processing: receptor
================================================================================
  ✓ Extracting CA atoms... Found 355 residues
  ✓ Extracting DSSP data... Not available
  ✓ Extracting STRIDE data... 340 available
  ✓ Computing neighbor features... Done
  ✓ Classifying burial status... Done
  ✓ STRIDE Metrics (using local implementation):
    Accuracy  : 0.7059 (sklearn: 0.7059) ✓
    Precision : 0.6154 (sklearn: 0.6154) ✓
    Recall    : 0.7059 (sklearn: 0.7059) ✓
    F1 Score  : 0.6575 (sklearn: 0.6575) ✓
    MCC       : 0.4048 (sklearn: 0.4048) ✓
✓ Processing complete
  Note: Using first file for nos1

================================================================================
Processing: fixed_receptor
================================================================================
  ✓ Extracting CA atoms... Found 348 residues
  ✓ Extracting DSSP data... 348 available
  ✓ Extracting STRIDE data... 348 available
  ✓ Computing neighbor features... Done
  ✓ Classifying burial status... Done
  ✓ DSSP Metrics (using local implementation):
    Accuracy  : 0.7529 (sklearn: 0.7529) ✓
    Precision : 0.4507 (sklearn: 0.4507) ✓
    Recall    : 0.8889 (sklearn: 0.8889) ✓
    F1 Score  : 0.5981 (sklearn: 0.5981) ✓
    MCC       : 0.4997 (sklearn: 0.4997) ✓
  ✓ STRIDE Metrics (using local implementation):
    Accuracy  : 0.7644 (sklearn: 0.7644) ✓
    Precision : 0.6479 (sklearn: 0.6479) ✓
    Recall    : 0.7419 (sklearn: 0.7419) ✓
    F1 Score  : 0.6917 (sklearn: 0.6917) ✓
    MCC       : 0.5055 (sklearn: 0.5055) ✓
✓ Processing complete

================================================================================
Processing: fixed_receptor_miniscript
================================================================================
  ✓ Extracting CA atoms... Found 348 residues
  ✓ Extracting DSSP data... 348 available
  ✓ Extracting STRIDE data... 348 available
  ✓ Computing neighbor features... Done
  ✓ Classifying burial status... Done
  ✓ DSSP Metrics (using local implementation):
    Accuracy  : 0.7529 (sklearn: 0.7529) ✓
    Precision : 0.4507 (sklearn: 0.4507) ✓
    Recall    : 0.8889 (sklearn: 0.8889) ✓
    F1 Score  : 0.5981 (sklearn: 0.5981) ✓
    MCC       : 0.4997 (sklearn: 0.4997) ✓
  ✓ STRIDE Metrics (using local implementation):
    Accuracy  : 0.7644 (sklearn: 0.7644) ✓
    Precision : 0.6479 (sklearn: 0.6479) ✓
    Recall    : 0.7419 (sklearn: 0.7419) ✓
    F1 Score  : 0.6917 (sklearn: 0.6917) ✓
    MCC       : 0.5055 (sklearn: 0.5055) ✓
✓ Processing complete
  Note: Using first file for nram

================================================================================
Processing: fixed_receptor_pdbfixer
================================================================================
  ✓ Extracting CA atoms... Found 348 residues
  ✓ Extracting DSSP data... 348 available
  ✓ Extracting STRIDE data... 348 available
  ✓ Computing neighbor features... Done
  ✓ Classifying burial status... Done
  ✓ DSSP Metrics (using local implementation):
    Accuracy  : 0.7586 (sklearn: 0.7586) ✓
    Precision : 0.4577 (sklearn: 0.4577) ✓
    Recall    : 0.9028 (sklearn: 0.9028) ✓
    F1 Score  : 0.6075 (sklearn: 0.6075) ✓
    MCC       : 0.5141 (sklearn: 0.5141) ✓
  ✓ STRIDE Metrics (using local implementation):
    Accuracy  : 0.7615 (sklearn: 0.7615) ✓
    Precision : 0.6479 (sklearn: 0.6479) ✓
    Recall    : 0.7360 (sklearn: 0.7360) ✓
    F1 Score  : 0.6891 (sklearn: 0.6891) ✓
    MCC       : 0.4996 (sklearn: 0.4996) ✓
✓ Processing complete
  Note: Using first file for nram

================================================================================
Processing: receptor
================================================================================
  ✓ Extracting CA atoms... Found 348 residues
  ✓ Extracting DSSP data... Not available
  ✓ Extracting STRIDE data... 348 available
  ✓ Computing neighbor features... Done
  ✓ Classifying burial status... Done
  ✓ STRIDE Metrics (using local implementation):
    Accuracy  : 0.7644 (sklearn: 0.7644) ✓
    Precision : 0.6479 (sklearn: 0.6479) ✓
    Recall    : 0.7419 (sklearn: 0.7419) ✓
    F1 Score  : 0.6917 (sklearn: 0.6917) ✓
    MCC       : 0.5055 (sklearn: 0.5055) ✓
✓ Processing complete
  Note: Using first file for nram

================================================================================
Processing: fixed_receptor
================================================================================
  ✓ Extracting CA atoms... Found 361 residues
  ✓ Extracting DSSP data... 361 available
  ✓ Extracting STRIDE data... 361 available
  ✓ Computing neighbor features... Done
  ✓ Classifying burial status... Done
  ✓ DSSP Metrics (using local implementation):
    Accuracy  : 0.6953 (sklearn: 0.6953) ✓
    Precision : 0.5459 (sklearn: 0.5459) ✓
    Recall    : 0.8359 (sklearn: 0.8359) ✓
    F1 Score  : 0.6605 (sklearn: 0.6605) ✓
    MCC       : 0.4359 (sklearn: 0.4359) ✓
  ✓ STRIDE Metrics (using local implementation):
    Accuracy  : 0.7701 (sklearn: 0.7701) ✓
    Precision : 0.8265 (sklearn: 0.8265) ✓
    Recall    : 0.7678 (sklearn: 0.7678) ✓
    F1 Score  : 0.7961 (sklearn: 0.7961) ✓
    MCC       : 0.5353 (sklearn: 0.5353) ✓
✓ Processing complete

================================================================================
Processing: fixed_receptor_miniscript
================================================================================
  ✓ Extracting CA atoms... Found 361 residues
  ✓ Extracting DSSP data... 361 available
  ✓ Extracting STRIDE data... 361 available
  ✓ Computing neighbor features... Done
  ✓ Classifying burial status... Done
  ✓ DSSP Metrics (using local implementation):
    Accuracy  : 0.6953 (sklearn: 0.6953) ✓
    Precision : 0.5459 (sklearn: 0.5459) ✓
    Recall    : 0.8359 (sklearn: 0.8359) ✓
    F1 Score  : 0.6605 (sklearn: 0.6605) ✓
    MCC       : 0.4359 (sklearn: 0.4359) ✓
  ✓ STRIDE Metrics (using local implementation):
    Accuracy  : 0.7701 (sklearn: 0.7701) ✓
    Precision : 0.8265 (sklearn: 0.8265) ✓
    Recall    : 0.7678 (sklearn: 0.7678) ✓
    F1 Score  : 0.7961 (sklearn: 0.7961) ✓
    MCC       : 0.5353 (sklearn: 0.5353) ✓
✓ Processing complete
  Note: Using first file for pa2ga

================================================================================
Processing: fixed_receptor_pdbfixer
================================================================================
  ✓ Extracting CA atoms... Found 361 residues
  ✓ Extracting DSSP data... Not available
  ✓ Extracting STRIDE data... 361 available
  ✓ Computing neighbor features... Done
  ✓ Classifying burial status... Done
  ✓ STRIDE Metrics (using local implementation):
    Accuracy  : 0.7701 (sklearn: 0.7701) ✓
    Precision : 0.8265 (sklearn: 0.8265) ✓
    Recall    : 0.7678 (sklearn: 0.7678) ✓
    F1 Score  : 0.7961 (sklearn: 0.7961) ✓
    MCC       : 0.5353 (sklearn: 0.5353) ✓
✓ Processing complete
  Note: Using first file for pa2ga

================================================================================
Processing: receptor
================================================================================
  ✓ Extracting CA atoms... Found 361 residues
  ✓ Extracting DSSP data... Not available
  ✓ Extracting STRIDE data... 361 available
  ✓ Computing neighbor features... Done
  ✓ Classifying burial status... Done
  ✓ STRIDE Metrics (using local implementation):
    Accuracy  : 0.7701 (sklearn: 0.7701) ✓
    Precision : 0.8163 (sklearn: 0.8163) ✓
    Recall    : 0.7729 (sklearn: 0.7729) ✓
    F1 Score  : 0.7940 (sklearn: 0.7940) ✓
    MCC       : 0.5353 (sklearn: 0.5353) ✓
✓ Processing complete
  Note: Using first file for pa2ga

================================================================================
Processing: fixed_receptor
================================================================================
  ✓ Extracting CA atoms... Found 347 residues
  ✓ Extracting DSSP data... 347 available
  ✓ Extracting STRIDE data... 347 available
  ✓ Computing neighbor features... Done
  ✓ Classifying burial status... Done
  ✓ DSSP Metrics (using local implementation):
    Accuracy  : 0.7378 (sklearn: 0.7378) ✓
    Precision : 0.4932 (sklearn: 0.4932) ✓
    Recall    : 0.8090 (sklearn: 0.8090) ✓
    F1 Score  : 0.6128 (sklearn: 0.6128) ✓
    MCC       : 0.4619 (sklearn: 0.4619) ✓
  ✓ STRIDE Metrics (using local implementation):
    Accuracy  : 0.7550 (sklearn: 0.7550) ✓
    Precision : 0.7397 (sklearn: 0.7397) ✓
    Recall    : 0.6968 (sklearn: 0.6968) ✓
    F1 Score  : 0.7176 (sklearn: 0.7176) ✓
    MCC       : 0.5024 (sklearn: 0.5024) ✓
✓ Processing complete

================================================================================
Processing: fixed_receptor_miniscript
================================================================================
  ✓ Extracting CA atoms... Found 347 residues
  ✓ Extracting DSSP data... 347 available
  ✓ Extracting STRIDE data... 347 available
  ✓ Computing neighbor features... Done
  ✓ Classifying burial status... Done
  ✓ DSSP Metrics (using local implementation):
    Accuracy  : 0.7378 (sklearn: 0.7378) ✓
    Precision : 0.4932 (sklearn: 0.4932) ✓
    Recall    : 0.8090 (sklearn: 0.8090) ✓
    F1 Score  : 0.6128 (sklearn: 0.6128) ✓
    MCC       : 0.4619 (sklearn: 0.4619) ✓
  ✓ STRIDE Metrics (using local implementation):
    Accuracy  : 0.7550 (sklearn: 0.7550) ✓
    Precision : 0.7397 (sklearn: 0.7397) ✓
    Recall    : 0.6968 (sklearn: 0.6968) ✓
    F1 Score  : 0.7176 (sklearn: 0.7176) ✓
    MCC       : 0.5024 (sklearn: 0.5024) ✓
✓ Processing complete
  Note: Using first file for parp1

================================================================================
Processing: fixed_receptor_pdbfixer
================================================================================
  ✓ Extracting CA atoms... Found 347 residues
  ✓ Extracting DSSP data... 347 available
  ✓ Extracting STRIDE data... 347 available
  ✓ Computing neighbor features... Done
  ✓ Classifying burial status... Done
  ✓ DSSP Metrics (using local implementation):
    Accuracy  : 0.7378 (sklearn: 0.7378) ✓
    Precision : 0.4932 (sklearn: 0.4932) ✓
    Recall    : 0.8090 (sklearn: 0.8090) ✓
    F1 Score  : 0.6128 (sklearn: 0.6128) ✓
    MCC       : 0.4619 (sklearn: 0.4619) ✓
  ✓ STRIDE Metrics (using local implementation):
    Accuracy  : 0.7550 (sklearn: 0.7550) ✓
    Precision : 0.7397 (sklearn: 0.7397) ✓
    Recall    : 0.6968 (sklearn: 0.6968) ✓
    F1 Score  : 0.7176 (sklearn: 0.7176) ✓
    MCC       : 0.5024 (sklearn: 0.5024) ✓
✓ Processing complete
  Note: Using first file for parp1

================================================================================
Processing: receptor
================================================================================
  ✓ Extracting CA atoms... Found 347 residues
  ✓ Extracting DSSP data... 347 available
  ✓ Extracting STRIDE data... 347 available
  ✓ Computing neighbor features... Done
  ✓ Classifying burial status... Done
  ✓ DSSP Metrics (using local implementation):
    Accuracy  : 0.7378 (sklearn: 0.7378) ✓
    Precision : 0.4932 (sklearn: 0.4932) ✓
    Recall    : 0.8090 (sklearn: 0.8090) ✓
    F1 Score  : 0.6128 (sklearn: 0.6128) ✓
    MCC       : 0.4619 (sklearn: 0.4619) ✓
  ✓ STRIDE Metrics (using local implementation):
    Accuracy  : 0.7550 (sklearn: 0.7550) ✓
    Precision : 0.7397 (sklearn: 0.7397) ✓
    Recall    : 0.6968 (sklearn: 0.6968) ✓
    F1 Score  : 0.7176 (sklearn: 0.7176) ✓
    MCC       : 0.5024 (sklearn: 0.5024) ✓
✓ Processing complete
  Note: Using first file for parp1

================================================================================
Processing: fixed_receptor
================================================================================
  ✓ Extracting CA atoms... Found 313 residues
  ✓ Extracting DSSP data... 299 available
  ✓ Extracting STRIDE data... 299 available
  ✓ Computing neighbor features... Done
  ✓ Classifying burial status... Done
  ✓ DSSP Metrics (using local implementation):
    Accuracy  : 0.7960 (sklearn: 0.7960) ✓
    Precision : 0.5521 (sklearn: 0.5521) ✓
    Recall    : 0.7465 (sklearn: 0.7465) ✓
    F1 Score  : 0.6347 (sklearn: 0.6347) ✓
    MCC       : 0.5085 (sklearn: 0.5085) ✓
  ✓ STRIDE Metrics (using local implementation):
    Accuracy  : 0.7492 (sklearn: 0.7492) ✓
    Precision : 0.7396 (sklearn: 0.7396) ✓
    Recall    : 0.5868 (sklearn: 0.5868) ✓
    F1 Score  : 0.6544 (sklearn: 0.6544) ✓
    MCC       : 0.4692 (sklearn: 0.4692) ✓
✓ Processing complete

================================================================================
Processing: fixed_receptor_miniscript
================================================================================
  ✓ Extracting CA atoms... Found 313 residues
  ✓ Extracting DSSP data... 299 available
  ✓ Extracting STRIDE data... 299 available
  ✓ Computing neighbor features... Done
  ✓ Classifying burial status... Done
  ✓ DSSP Metrics (using local implementation):
    Accuracy  : 0.7960 (sklearn: 0.7960) ✓
    Precision : 0.5521 (sklearn: 0.5521) ✓
    Recall    : 0.7465 (sklearn: 0.7465) ✓
    F1 Score  : 0.6347 (sklearn: 0.6347) ✓
    MCC       : 0.5085 (sklearn: 0.5085) ✓
  ✓ STRIDE Metrics (using local implementation):
    Accuracy  : 0.7492 (sklearn: 0.7492) ✓
    Precision : 0.7396 (sklearn: 0.7396) ✓
    Recall    : 0.5868 (sklearn: 0.5868) ✓
    F1 Score  : 0.6544 (sklearn: 0.6544) ✓
    MCC       : 0.4692 (sklearn: 0.4692) ✓
✓ Processing complete
  Note: Using first file for pde5a

================================================================================
Processing: fixed_receptor_pdbfixer
================================================================================
  ✓ Extracting CA atoms... Found 308 residues
  ✓ Extracting DSSP data... 308 available
  ✓ Extracting STRIDE data... 308 available
  ✓ Computing neighbor features... Done
  ✓ Classifying burial status... Done
  ✓ DSSP Metrics (using local implementation):
    Accuracy  : 0.7792 (sklearn: 0.7792) ✓
    Precision : 0.4854 (sklearn: 0.4854) ✓
    Recall    : 0.7692 (sklearn: 0.7692) ✓
    F1 Score  : 0.5952 (sklearn: 0.5952) ✓
    MCC       : 0.4767 (sklearn: 0.4767) ✓
  ✓ STRIDE Metrics (using local implementation):
    Accuracy  : 0.7305 (sklearn: 0.7305) ✓
    Precision : 0.7379 (sklearn: 0.7379) ✓
    Recall    : 0.5758 (sklearn: 0.5758) ✓
    F1 Score  : 0.6468 (sklearn: 0.6468) ✓
    MCC       : 0.4430 (sklearn: 0.4430) ✓
✓ Processing complete
  Note: Using first file for pde5a

================================================================================
Processing: receptor
================================================================================
  ✓ Extracting CA atoms... Found 313 residues
  ✓ Extracting DSSP data... Not available
  ✓ Extracting STRIDE data... 299 available
  ✓ Computing neighbor features... Done
  ✓ Classifying burial status... Done
  ✓ STRIDE Metrics (using local implementation):
    Accuracy  : 0.7492 (sklearn: 0.7492) ✓
    Precision : 0.7396 (sklearn: 0.7396) ✓
    Recall    : 0.5868 (sklearn: 0.5868) ✓
    F1 Score  : 0.6544 (sklearn: 0.6544) ✓
    MCC       : 0.4692 (sklearn: 0.4692) ✓
✓ Processing complete
  Note: Using first file for pde5a

================================================================================
Processing: fixed_receptor
================================================================================
  ✓ Extracting CA atoms... Found 411 residues
  ✓ Extracting DSSP data... 393 available
  ✓ Extracting STRIDE data... 393 available
  ✓ Computing neighbor features... Done
  ✓ Classifying burial status... Done
  ✓ DSSP Metrics (using local implementation):
    Accuracy  : 0.7048 (sklearn: 0.7048) ✓
    Precision : 0.4386 (sklearn: 0.4386) ✓
    Recall    : 0.7895 (sklearn: 0.7895) ✓
    F1 Score  : 0.5639 (sklearn: 0.5639) ✓
    MCC       : 0.4036 (sklearn: 0.4036) ✓
  ✓ STRIDE Metrics (using local implementation):
    Accuracy  : 0.7201 (sklearn: 0.7201) ✓
    Precision : 0.6199 (sklearn: 0.6199) ✓
    Recall    : 0.7020 (sklearn: 0.7020) ✓
    F1 Score  : 0.6584 (sklearn: 0.6584) ✓
    MCC       : 0.4252 (sklearn: 0.4252) ✓
✓ Processing complete

================================================================================
Processing: fixed_receptor_miniscript
================================================================================
  ✓ Extracting CA atoms... Found 411 residues
  ✓ Extracting DSSP data... 393 available
  ✓ Extracting STRIDE data... 393 available
  ✓ Computing neighbor features... Done
  ✓ Classifying burial status... Done
  ✓ DSSP Metrics (using local implementation):
    Accuracy  : 0.7048 (sklearn: 0.7048) ✓
    Precision : 0.4386 (sklearn: 0.4386) ✓
    Recall    : 0.7895 (sklearn: 0.7895) ✓
    F1 Score  : 0.5639 (sklearn: 0.5639) ✓
    MCC       : 0.4036 (sklearn: 0.4036) ✓
  ✓ STRIDE Metrics (using local implementation):
    Accuracy  : 0.7201 (sklearn: 0.7201) ✓
    Precision : 0.6199 (sklearn: 0.6199) ✓
    Recall    : 0.7020 (sklearn: 0.7020) ✓
    F1 Score  : 0.6584 (sklearn: 0.6584) ✓
    MCC       : 0.4252 (sklearn: 0.4252) ✓
✓ Processing complete
  Note: Using first file for pgh1

================================================================================
Processing: fixed_receptor_pdbfixer
================================================================================
  ✓ Extracting CA atoms... Found 411 residues
  ✓ Extracting DSSP data... 411 available
  ✓ Extracting STRIDE data... 411 available
  ✓ Computing neighbor features... Done
  ✓ Classifying burial status... Done
  ✓ DSSP Metrics (using local implementation):
    Accuracy  : 0.7007 (sklearn: 0.7007) ✓
    Precision : 0.3944 (sklearn: 0.3944) ✓
    Recall    : 0.8353 (sklearn: 0.8353) ✓
    F1 Score  : 0.5358 (sklearn: 0.5358) ✓
    MCC       : 0.4089 (sklearn: 0.4089) ✓
  ✓ STRIDE Metrics (using local implementation):
    Accuracy  : 0.7178 (sklearn: 0.7178) ✓
    Precision : 0.6222 (sklearn: 0.6222) ✓
    Recall    : 0.7000 (sklearn: 0.7000) ✓
    F1 Score  : 0.6588 (sklearn: 0.6588) ✓
    MCC       : 0.4217 (sklearn: 0.4217) ✓
✓ Processing complete
  Note: Using first file for pgh1

================================================================================
Processing: receptor
================================================================================
  ✓ Extracting CA atoms... Found 411 residues
  ✓ Extracting DSSP data... Not available
  ✓ Extracting STRIDE data... 393 available
  ✓ Computing neighbor features... Done
  ✓ Classifying burial status... Done
  ✓ STRIDE Metrics (using local implementation):
    Accuracy  : 0.7201 (sklearn: 0.7201) ✓
    Precision : 0.6199 (sklearn: 0.6199) ✓
    Recall    : 0.7020 (sklearn: 0.7020) ✓
    F1 Score  : 0.6584 (sklearn: 0.6584) ✓
    MCC       : 0.4252 (sklearn: 0.4252) ✓
✓ Processing complete
  Note: Using first file for pgh1

================================================================================
Processing: fixed_receptor
================================================================================
  ✓ Extracting CA atoms... Found 542 residues
  ✓ Extracting DSSP data... 514 available
  ✓ Extracting STRIDE data... 514 available
  ✓ Computing neighbor features... Done
  ✓ Classifying burial status... Done
  ✓ DSSP Metrics (using local implementation):
    Accuracy  : 0.7296 (sklearn: 0.7296) ✓
    Precision : 0.4488 (sklearn: 0.4488) ✓
    Recall    : 0.7797 (sklearn: 0.7797) ✓
    F1 Score  : 0.5697 (sklearn: 0.5697) ✓
    MCC       : 0.4246 (sklearn: 0.4246) ✓
  ✓ STRIDE Metrics (using local implementation):
    Accuracy  : 0.7451 (sklearn: 0.7451) ✓
    Precision : 0.6390 (sklearn: 0.6390) ✓
    Recall    : 0.6968 (sklearn: 0.6968) ✓
    F1 Score  : 0.6667 (sklearn: 0.6667) ✓
    MCC       : 0.4621 (sklearn: 0.4621) ✓
✓ Processing complete

================================================================================
Processing: fixed_receptor_miniscript
================================================================================
  ✓ Extracting CA atoms... Found 542 residues
  ✓ Extracting DSSP data... 514 available
  ✓ Extracting STRIDE data... 514 available
  ✓ Computing neighbor features... Done
  ✓ Classifying burial status... Done
  ✓ DSSP Metrics (using local implementation):
    Accuracy  : 0.7296 (sklearn: 0.7296) ✓
    Precision : 0.4488 (sklearn: 0.4488) ✓
    Recall    : 0.7797 (sklearn: 0.7797) ✓
    F1 Score  : 0.5697 (sklearn: 0.5697) ✓
    MCC       : 0.4246 (sklearn: 0.4246) ✓
  ✓ STRIDE Metrics (using local implementation):
    Accuracy  : 0.7451 (sklearn: 0.7451) ✓
    Precision : 0.6390 (sklearn: 0.6390) ✓
    Recall    : 0.6968 (sklearn: 0.6968) ✓
    F1 Score  : 0.6667 (sklearn: 0.6667) ✓
    MCC       : 0.4621 (sklearn: 0.4621) ✓
✓ Processing complete
  Note: Using first file for pgh2

================================================================================
Processing: fixed_receptor_pdbfixer
================================================================================
  ✓ Extracting CA atoms... Found 542 residues
  ✓ Extracting DSSP data... 542 available
  ✓ Extracting STRIDE data... 542 available
  ✓ Computing neighbor features... Done
  ✓ Classifying burial status... Done
  ✓ DSSP Metrics (using local implementation):
    Accuracy  : 0.7435 (sklearn: 0.7435) ✓
    Precision : 0.4238 (sklearn: 0.4238) ✓
    Recall    : 0.8318 (sklearn: 0.8318) ✓
    F1 Score  : 0.5615 (sklearn: 0.5615) ✓
    MCC       : 0.4523 (sklearn: 0.4523) ✓
  ✓ STRIDE Metrics (using local implementation):
    Accuracy  : 0.7491 (sklearn: 0.7491) ✓
    Precision : 0.6476 (sklearn: 0.6476) ✓
    Recall    : 0.6869 (sklearn: 0.6869) ✓
    F1 Score  : 0.6667 (sklearn: 0.6667) ✓
    MCC       : 0.4663 (sklearn: 0.4663) ✓
✓ Processing complete
  Note: Using first file for pgh2

================================================================================
Processing: receptor
================================================================================
  ✓ Extracting CA atoms... Found 542 residues
  ✓ Extracting DSSP data... Not available
  ✓ Extracting STRIDE data... 514 available
  ✓ Computing neighbor features... Done
  ✓ Classifying burial status... Done
  ✓ STRIDE Metrics (using local implementation):
    Accuracy  : 0.7451 (sklearn: 0.7451) ✓
    Precision : 0.6390 (sklearn: 0.6390) ✓
    Recall    : 0.6968 (sklearn: 0.6968) ✓
    F1 Score  : 0.6667 (sklearn: 0.6667) ✓
    MCC       : 0.4621 (sklearn: 0.4621) ✓
✓ Processing complete
  Note: Using first file for pgh2

================================================================================
Processing: fixed_receptor
================================================================================
  ✓ Extracting CA atoms... Found 241 residues
  ✓ Extracting DSSP data... 231 available
  ✓ Extracting STRIDE data... 231 available
  ✓ Computing neighbor features... Done
  ✓ Classifying burial status... Done
  ✓ DSSP Metrics (using local implementation):
    Accuracy  : 0.7359 (sklearn: 0.7359) ✓
    Precision : 0.5225 (sklearn: 0.5225) ✓
    Recall    : 0.8788 (sklearn: 0.8788) ✓
    F1 Score  : 0.6554 (sklearn: 0.6554) ✓
    MCC       : 0.5042 (sklearn: 0.5042) ✓
  ✓ STRIDE Metrics (using local implementation):
    Accuracy  : 0.7576 (sklearn: 0.7576) ✓
    Precision : 0.7568 (sklearn: 0.7568) ✓
    Recall    : 0.7434 (sklearn: 0.7434) ✓
    F1 Score  : 0.7500 (sklearn: 0.7500) ✓
    MCC       : 0.5148 (sklearn: 0.5148) ✓
✓ Processing complete

================================================================================
Processing: fixed_receptor_miniscript
================================================================================
  ✓ Extracting CA atoms... Found 241 residues
  ✓ Extracting DSSP data... 231 available
  ✓ Extracting STRIDE data... 231 available
  ✓ Computing neighbor features... Done
  ✓ Classifying burial status... Done
  ✓ DSSP Metrics (using local implementation):
    Accuracy  : 0.7359 (sklearn: 0.7359) ✓
    Precision : 0.5225 (sklearn: 0.5225) ✓
    Recall    : 0.8788 (sklearn: 0.8788) ✓
    F1 Score  : 0.6554 (sklearn: 0.6554) ✓
    MCC       : 0.5042 (sklearn: 0.5042) ✓
  ✓ STRIDE Metrics (using local implementation):
    Accuracy  : 0.7576 (sklearn: 0.7576) ✓
    Precision : 0.7568 (sklearn: 0.7568) ✓
    Recall    : 0.7434 (sklearn: 0.7434) ✓
    F1 Score  : 0.7500 (sklearn: 0.7500) ✓
    MCC       : 0.5148 (sklearn: 0.5148) ✓
✓ Processing complete
  Note: Using first file for plk1

================================================================================
Processing: fixed_receptor_pdbfixer
================================================================================
  ✓ Extracting CA atoms... Found 239 residues
  ✓ Extracting DSSP data... 239 available
  ✓ Extracting STRIDE data... 239 available
  ✓ Computing neighbor features... Done
  ✓ Classifying burial status... Done
  ✓ DSSP Metrics (using local implementation):
    Accuracy  : 0.7280 (sklearn: 0.7280) ✓
    Precision : 0.4914 (sklearn: 0.4914) ✓
    Recall    : 0.9048 (sklearn: 0.9048) ✓
    F1 Score  : 0.6369 (sklearn: 0.6369) ✓
    MCC       : 0.5021 (sklearn: 0.5021) ✓
  ✓ STRIDE Metrics (using local implementation):
    Accuracy  : 0.7573 (sklearn: 0.7573) ✓
    Precision : 0.7500 (sklearn: 0.7500) ✓
    Recall    : 0.7500 (sklearn: 0.7500) ✓
    F1 Score  : 0.7500 (sklearn: 0.7500) ✓
    MCC       : 0.5142 (sklearn: 0.5142) ✓
✓ Processing complete
  Note: Using first file for plk1

================================================================================
Processing: receptor
================================================================================
  ✓ Extracting CA atoms... Found 241 residues
  ✓ Extracting DSSP data... Not available
  ✓ Extracting STRIDE data... 231 available
  ✓ Computing neighbor features... Done
  ✓ Classifying burial status... Done
  ✓ STRIDE Metrics (using local implementation):
    Accuracy  : 0.7576 (sklearn: 0.7576) ✓
    Precision : 0.7568 (sklearn: 0.7568) ✓
    Recall    : 0.7434 (sklearn: 0.7434) ✓
    F1 Score  : 0.7500 (sklearn: 0.7500) ✓
    MCC       : 0.5148 (sklearn: 0.5148) ✓
✓ Processing complete
  Note: Using first file for plk1

================================================================================
Processing: fixed_receptor
================================================================================
  ✓ Extracting CA atoms... Found 244 residues
  ✓ Extracting DSSP data... 244 available
  ✓ Extracting STRIDE data... 244 available
  ✓ Computing neighbor features... Done
  ✓ Classifying burial status... Done
  ✓ DSSP Metrics (using local implementation):
    Accuracy  : 0.7090 (sklearn: 0.7090) ✓
    Precision : 0.4722 (sklearn: 0.4722) ✓
    Recall    : 0.7846 (sklearn: 0.7846) ✓
    F1 Score  : 0.5896 (sklearn: 0.5896) ✓
    MCC       : 0.4149 (sklearn: 0.4149) ✓
  ✓ STRIDE Metrics (using local implementation):
    Accuracy  : 0.7459 (sklearn: 0.7459) ✓
    Precision : 0.7130 (sklearn: 0.7130) ✓
    Recall    : 0.7130 (sklearn: 0.7130) ✓
    F1 Score  : 0.7130 (sklearn: 0.7130) ✓
    MCC       : 0.4850 (sklearn: 0.4850) ✓
✓ Processing complete

================================================================================
Processing: fixed_receptor_miniscript
================================================================================
  ✓ Extracting CA atoms... Found 244 residues
  ✓ Extracting DSSP data... 244 available
  ✓ Extracting STRIDE data... 244 available
  ✓ Computing neighbor features... Done
  ✓ Classifying burial status... Done
  ✓ DSSP Metrics (using local implementation):
    Accuracy  : 0.7090 (sklearn: 0.7090) ✓
    Precision : 0.4722 (sklearn: 0.4722) ✓
    Recall    : 0.7846 (sklearn: 0.7846) ✓
    F1 Score  : 0.5896 (sklearn: 0.5896) ✓
    MCC       : 0.4149 (sklearn: 0.4149) ✓
  ✓ STRIDE Metrics (using local implementation):
    Accuracy  : 0.7459 (sklearn: 0.7459) ✓
    Precision : 0.7130 (sklearn: 0.7130) ✓
    Recall    : 0.7130 (sklearn: 0.7130) ✓
    F1 Score  : 0.7130 (sklearn: 0.7130) ✓
    MCC       : 0.4850 (sklearn: 0.4850) ✓
✓ Processing complete
  Note: Using first file for pnph

================================================================================
Processing: fixed_receptor_pdbfixer
================================================================================
  ✓ Extracting CA atoms... Found 244 residues
  ✓ Extracting DSSP data... 244 available
  ✓ Extracting STRIDE data... 244 available
  ✓ Computing neighbor features... Done
  ✓ Classifying burial status... Done
  ✓ DSSP Metrics (using local implementation):
    Accuracy  : 0.7172 (sklearn: 0.7172) ✓
    Precision : 0.4815 (sklearn: 0.4815) ✓
    Recall    : 0.8000 (sklearn: 0.8000) ✓
    F1 Score  : 0.6012 (sklearn: 0.6012) ✓
    MCC       : 0.4336 (sklearn: 0.4336) ✓
  ✓ STRIDE Metrics (using local implementation):
    Accuracy  : 0.7459 (sklearn: 0.7459) ✓
    Precision : 0.7037 (sklearn: 0.7037) ✓
    Recall    : 0.7170 (sklearn: 0.7170) ✓
    F1 Score  : 0.7103 (sklearn: 0.7103) ✓
    MCC       : 0.4841 (sklearn: 0.4841) ✓
✓ Processing complete
  Note: Using first file for pnph

================================================================================
Processing: receptor
================================================================================
  ✓ Extracting CA atoms... Found 244 residues
  ✓ Extracting DSSP data... Not available
  ✓ Extracting STRIDE data... 244 available
  ✓ Computing neighbor features... Done
  ✓ Classifying burial status... Done
  ✓ STRIDE Metrics (using local implementation):
    Accuracy  : 0.7459 (sklearn: 0.7459) ✓
    Precision : 0.7130 (sklearn: 0.7130) ✓
    Recall    : 0.7130 (sklearn: 0.7130) ✓
    F1 Score  : 0.7130 (sklearn: 0.7130) ✓
    MCC       : 0.4850 (sklearn: 0.4850) ✓
✓ Processing complete
  Note: Using first file for pnph

================================================================================
Processing: fixed_receptor
================================================================================
  ✓ Extracting CA atoms... Found 251 residues
  ✓ Extracting DSSP data... 251 available
  ✓ Extracting STRIDE data... 251 available
  ✓ Computing neighbor features... Done
  ✓ Classifying burial status... Done
  ✓ DSSP Metrics (using local implementation):
    Accuracy  : 0.7251 (sklearn: 0.7251) ✓
    Precision : 0.4811 (sklearn: 0.4811) ✓
    Recall    : 0.7846 (sklearn: 0.7846) ✓
    F1 Score  : 0.5965 (sklearn: 0.5965) ✓
    MCC       : 0.4336 (sklearn: 0.4336) ✓
  ✓ STRIDE Metrics (using local implementation):
    Accuracy  : 0.7371 (sklearn: 0.7371) ✓
    Precision : 0.7358 (sklearn: 0.7358) ✓
    Recall    : 0.6724 (sklearn: 0.6724) ✓
    F1 Score  : 0.7027 (sklearn: 0.7027) ✓
    MCC       : 0.4694 (sklearn: 0.4694) ✓
✓ Processing complete

================================================================================
Processing: fixed_receptor_miniscript
================================================================================
  ✓ Extracting CA atoms... Found 251 residues
  ✓ Extracting DSSP data... 251 available
  ✓ Extracting STRIDE data... 251 available
  ✓ Computing neighbor features... Done
  ✓ Classifying burial status... Done
  ✓ DSSP Metrics (using local implementation):
    Accuracy  : 0.7251 (sklearn: 0.7251) ✓
    Precision : 0.4811 (sklearn: 0.4811) ✓
    Recall    : 0.7846 (sklearn: 0.7846) ✓
    F1 Score  : 0.5965 (sklearn: 0.5965) ✓
    MCC       : 0.4336 (sklearn: 0.4336) ✓
  ✓ STRIDE Metrics (using local implementation):
    Accuracy  : 0.7371 (sklearn: 0.7371) ✓
    Precision : 0.7358 (sklearn: 0.7358) ✓
    Recall    : 0.6724 (sklearn: 0.6724) ✓
    F1 Score  : 0.7027 (sklearn: 0.7027) ✓
    MCC       : 0.4694 (sklearn: 0.4694) ✓
✓ Processing complete
  Note: Using first file for ppara

================================================================================
Processing: fixed_receptor_pdbfixer
================================================================================
  ✓ Extracting CA atoms... Found 251 residues
  ✓ Extracting DSSP data... 251 available
  ✓ Extracting STRIDE data... 251 available
  ✓ Computing neighbor features... Done
  ✓ Classifying burial status... Done
  ✓ DSSP Metrics (using local implementation):
    Accuracy  : 0.7251 (sklearn: 0.7251) ✓
    Precision : 0.4811 (sklearn: 0.4811) ✓
    Recall    : 0.7846 (sklearn: 0.7846) ✓
    F1 Score  : 0.5965 (sklearn: 0.5965) ✓
    MCC       : 0.4336 (sklearn: 0.4336) ✓
  ✓ STRIDE Metrics (using local implementation):
    Accuracy  : 0.7410 (sklearn: 0.7410) ✓
    Precision : 0.7453 (sklearn: 0.7453) ✓
    Recall    : 0.6752 (sklearn: 0.6752) ✓
    F1 Score  : 0.7085 (sklearn: 0.7085) ✓
    MCC       : 0.4784 (sklearn: 0.4784) ✓
✓ Processing complete
  Note: Using first file for ppara

================================================================================
Processing: receptor
================================================================================
  ✓ Extracting CA atoms... Found 251 residues
  ✓ Extracting DSSP data... Not available
  ✓ Extracting STRIDE data... 251 available
  ✓ Computing neighbor features... Done
  ✓ Classifying burial status... Done
  ✓ STRIDE Metrics (using local implementation):
    Accuracy  : 0.7371 (sklearn: 0.7371) ✓
    Precision : 0.7358 (sklearn: 0.7358) ✓
    Recall    : 0.6724 (sklearn: 0.6724) ✓
    F1 Score  : 0.7027 (sklearn: 0.7027) ✓
    MCC       : 0.4694 (sklearn: 0.4694) ✓
✓ Processing complete
  Note: Using first file for ppara

================================================================================
Processing: fixed_receptor
================================================================================
  ✓ Extracting CA atoms... Found 263 residues
  ✓ Extracting DSSP data... 263 available
  ✓ Extracting STRIDE data... 263 available
  ✓ Computing neighbor features... Done
  ✓ Classifying burial status... Done
  ✓ DSSP Metrics (using local implementation):
    Accuracy  : 0.7376 (sklearn: 0.7376) ✓
    Precision : 0.5041 (sklearn: 0.5041) ✓
    Recall    : 0.8857 (sklearn: 0.8857) ✓
    F1 Score  : 0.6425 (sklearn: 0.6425) ✓
    MCC       : 0.5046 (sklearn: 0.5046) ✓
  ✓ STRIDE Metrics (using local implementation):
    Accuracy  : 0.7452 (sklearn: 0.7452) ✓
    Precision : 0.7480 (sklearn: 0.7480) ✓
    Recall    : 0.7188 (sklearn: 0.7188) ✓
    F1 Score  : 0.7331 (sklearn: 0.7331) ✓
    MCC       : 0.4900 (sklearn: 0.4900) ✓
✓ Processing complete

================================================================================
Processing: fixed_receptor_miniscript
================================================================================
  ✓ Extracting CA atoms... Found 263 residues
  ✓ Extracting DSSP data... 263 available
  ✓ Extracting STRIDE data... 263 available
  ✓ Computing neighbor features... Done
  ✓ Classifying burial status... Done
  ✓ DSSP Metrics (using local implementation):
    Accuracy  : 0.7376 (sklearn: 0.7376) ✓
    Precision : 0.5041 (sklearn: 0.5041) ✓
    Recall    : 0.8857 (sklearn: 0.8857) ✓
    F1 Score  : 0.6425 (sklearn: 0.6425) ✓
    MCC       : 0.5046 (sklearn: 0.5046) ✓
  ✓ STRIDE Metrics (using local implementation):
    Accuracy  : 0.7452 (sklearn: 0.7452) ✓
    Precision : 0.7480 (sklearn: 0.7480) ✓
    Recall    : 0.7188 (sklearn: 0.7188) ✓
    F1 Score  : 0.7331 (sklearn: 0.7331) ✓
    MCC       : 0.4900 (sklearn: 0.4900) ✓
✓ Processing complete
  Note: Using first file for ppard

================================================================================
Processing: fixed_receptor_pdbfixer
================================================================================
  ✓ Extracting CA atoms... Found 263 residues
  ✓ Extracting DSSP data... 263 available
  ✓ Extracting STRIDE data... 263 available
  ✓ Computing neighbor features... Done
  ✓ Classifying burial status... Done
  ✓ DSSP Metrics (using local implementation):
    Accuracy  : 0.7376 (sklearn: 0.7376) ✓
    Precision : 0.5041 (sklearn: 0.5041) ✓
    Recall    : 0.8857 (sklearn: 0.8857) ✓
    F1 Score  : 0.6425 (sklearn: 0.6425) ✓
    MCC       : 0.5046 (sklearn: 0.5046) ✓
  ✓ STRIDE Metrics (using local implementation):
    Accuracy  : 0.7490 (sklearn: 0.7490) ✓
    Precision : 0.7480 (sklearn: 0.7480) ✓
    Recall    : 0.7244 (sklearn: 0.7244) ✓
    F1 Score  : 0.7360 (sklearn: 0.7360) ✓
    MCC       : 0.4972 (sklearn: 0.4972) ✓
✓ Processing complete
  Note: Using first file for ppard

================================================================================
Processing: receptor
================================================================================
  ✓ Extracting CA atoms... Found 263 residues
  ✓ Extracting DSSP data... Not available
  ✓ Extracting STRIDE data... 263 available
  ✓ Computing neighbor features... Done
  ✓ Classifying burial status... Done
  ✓ STRIDE Metrics (using local implementation):
    Accuracy  : 0.7452 (sklearn: 0.7452) ✓
    Precision : 0.7480 (sklearn: 0.7480) ✓
    Recall    : 0.7188 (sklearn: 0.7188) ✓
    F1 Score  : 0.7331 (sklearn: 0.7331) ✓
    MCC       : 0.4900 (sklearn: 0.4900) ✓
✓ Processing complete
  Note: Using first file for ppard

================================================================================
Processing: fixed_receptor
================================================================================
  ✓ Extracting CA atoms... Found 240 residues
  ✓ Extracting DSSP data... 238 available
  ✓ Extracting STRIDE data... 238 available
  ✓ Computing neighbor features... Done
  ✓ Classifying burial status... Done
  ✓ DSSP Metrics (using local implementation):
    Accuracy  : 0.7605 (sklearn: 0.7605) ✓
    Precision : 0.5400 (sklearn: 0.5400) ✓
    Recall    : 0.8308 (sklearn: 0.8308) ✓
    F1 Score  : 0.6545 (sklearn: 0.6545) ✓
    MCC       : 0.5099 (sklearn: 0.5099) ✓
  ✓ STRIDE Metrics (using local implementation):
    Accuracy  : 0.7479 (sklearn: 0.7479) ✓
    Precision : 0.7300 (sklearn: 0.7300) ✓
    Recall    : 0.6887 (sklearn: 0.6887) ✓
    F1 Score  : 0.7087 (sklearn: 0.7087) ✓
    MCC       : 0.4875 (sklearn: 0.4875) ✓
✓ Processing complete

================================================================================
Processing: fixed_receptor_miniscript
================================================================================
  ✓ Extracting CA atoms... Found 240 residues
  ✓ Extracting DSSP data... 238 available
  ✓ Extracting STRIDE data... 238 available
  ✓ Computing neighbor features... Done
  ✓ Classifying burial status... Done
  ✓ DSSP Metrics (using local implementation):
    Accuracy  : 0.7605 (sklearn: 0.7605) ✓
    Precision : 0.5400 (sklearn: 0.5400) ✓
    Recall    : 0.8308 (sklearn: 0.8308) ✓
    F1 Score  : 0.6545 (sklearn: 0.6545) ✓
    MCC       : 0.5099 (sklearn: 0.5099) ✓
  ✓ STRIDE Metrics (using local implementation):
    Accuracy  : 0.7479 (sklearn: 0.7479) ✓
    Precision : 0.7300 (sklearn: 0.7300) ✓
    Recall    : 0.6887 (sklearn: 0.6887) ✓
    F1 Score  : 0.7087 (sklearn: 0.7087) ✓
    MCC       : 0.4875 (sklearn: 0.4875) ✓
✓ Processing complete
  Note: Using first file for pparg

================================================================================
Processing: fixed_receptor_pdbfixer
================================================================================
  ✓ Extracting CA atoms... Found 240 residues
  ✓ Extracting DSSP data... 240 available
  ✓ Extracting STRIDE data... 240 available
  ✓ Computing neighbor features... Done
  ✓ Classifying burial status... Done
  ✓ DSSP Metrics (using local implementation):
    Accuracy  : 0.7583 (sklearn: 0.7583) ✓
    Precision : 0.5347 (sklearn: 0.5347) ✓
    Recall    : 0.8308 (sklearn: 0.8308) ✓
    F1 Score  : 0.6506 (sklearn: 0.6506) ✓
    MCC       : 0.5061 (sklearn: 0.5061) ✓
  ✓ STRIDE Metrics (using local implementation):
    Accuracy  : 0.7458 (sklearn: 0.7458) ✓
    Precision : 0.7228 (sklearn: 0.7228) ✓
    Recall    : 0.6887 (sklearn: 0.6887) ✓
    F1 Score  : 0.7053 (sklearn: 0.7053) ✓
    MCC       : 0.4825 (sklearn: 0.4825) ✓
✓ Processing complete
  Note: Using first file for pparg

================================================================================
Processing: receptor
================================================================================
  ✓ Extracting CA atoms... Found 240 residues
  ✓ Extracting DSSP data... Not available
  ✓ Extracting STRIDE data... 238 available
  ✓ Computing neighbor features... Done
  ✓ Classifying burial status... Done
  ✓ STRIDE Metrics (using local implementation):
    Accuracy  : 0.7479 (sklearn: 0.7479) ✓
    Precision : 0.7300 (sklearn: 0.7300) ✓
    Recall    : 0.6887 (sklearn: 0.6887) ✓
    F1 Score  : 0.7087 (sklearn: 0.7087) ✓
    MCC       : 0.4875 (sklearn: 0.4875) ✓
✓ Processing complete
  Note: Using first file for pparg

================================================================================
Processing: fixed_receptor
================================================================================
  ✓ Extracting CA atoms... Found 280 residues
  ✓ Extracting DSSP data... 280 available
  ✓ Extracting STRIDE data... 280 available
  ✓ Computing neighbor features... Done
  ✓ Classifying burial status... Done
  ✓ DSSP Metrics (using local implementation):
    Accuracy  : 0.7536 (sklearn: 0.7536) ✓
    Precision : 0.4958 (sklearn: 0.4958) ✓
    Recall    : 0.8676 (sklearn: 0.8676) ✓
    F1 Score  : 0.6310 (sklearn: 0.6310) ✓
    MCC       : 0.5071 (sklearn: 0.5071) ✓
  ✓ STRIDE Metrics (using local implementation):
    Accuracy  : 0.7607 (sklearn: 0.7607) ✓
    Precision : 0.7227 (sklearn: 0.7227) ✓
    Recall    : 0.7167 (sklearn: 0.7167) ✓
    F1 Score  : 0.7197 (sklearn: 0.7197) ✓
    MCC       : 0.5110 (sklearn: 0.5110) ✓
✓ Processing complete

================================================================================
Processing: fixed_receptor_miniscript
================================================================================
  ✓ Extracting CA atoms... Found 280 residues
  ✓ Extracting DSSP data... 280 available
  ✓ Extracting STRIDE data... 280 available
  ✓ Computing neighbor features... Done
  ✓ Classifying burial status... Done
  ✓ DSSP Metrics (using local implementation):
    Accuracy  : 0.7536 (sklearn: 0.7536) ✓
    Precision : 0.4958 (sklearn: 0.4958) ✓
    Recall    : 0.8676 (sklearn: 0.8676) ✓
    F1 Score  : 0.6310 (sklearn: 0.6310) ✓
    MCC       : 0.5071 (sklearn: 0.5071) ✓
  ✓ STRIDE Metrics (using local implementation):
    Accuracy  : 0.7607 (sklearn: 0.7607) ✓
    Precision : 0.7227 (sklearn: 0.7227) ✓
    Recall    : 0.7167 (sklearn: 0.7167) ✓
    F1 Score  : 0.7197 (sklearn: 0.7197) ✓
    MCC       : 0.5110 (sklearn: 0.5110) ✓
✓ Processing complete
  Note: Using first file for prgr

================================================================================
Processing: fixed_receptor_pdbfixer
================================================================================
  ✓ Extracting CA atoms... Found 280 residues
  ✓ Extracting DSSP data... 280 available
  ✓ Extracting STRIDE data... 280 available
  ✓ Computing neighbor features... Done
  ✓ Classifying burial status... Done
  ✓ DSSP Metrics (using local implementation):
    Accuracy  : 0.7536 (sklearn: 0.7536) ✓
    Precision : 0.4874 (sklearn: 0.4874) ✓
    Recall    : 0.8788 (sklearn: 0.8788) ✓
    F1 Score  : 0.6270 (sklearn: 0.6270) ✓
    MCC       : 0.5098 (sklearn: 0.5098) ✓
  ✓ STRIDE Metrics (using local implementation):
    Accuracy  : 0.7607 (sklearn: 0.7607) ✓
    Precision : 0.7227 (sklearn: 0.7227) ✓
    Recall    : 0.7167 (sklearn: 0.7167) ✓
    F1 Score  : 0.7197 (sklearn: 0.7197) ✓
    MCC       : 0.5110 (sklearn: 0.5110) ✓
✓ Processing complete
  Note: Using first file for prgr

================================================================================
Processing: receptor
================================================================================
  ✓ Extracting CA atoms... Found 280 residues
  ✓ Extracting DSSP data... Not available
  ✓ Extracting STRIDE data... 280 available
  ✓ Computing neighbor features... Done
  ✓ Classifying burial status... Done
  ✓ STRIDE Metrics (using local implementation):
    Accuracy  : 0.7607 (sklearn: 0.7607) ✓
    Precision : 0.7227 (sklearn: 0.7227) ✓
    Recall    : 0.7167 (sklearn: 0.7167) ✓
    F1 Score  : 0.7197 (sklearn: 0.7197) ✓
    MCC       : 0.5110 (sklearn: 0.5110) ✓
✓ Processing complete
  Note: Using first file for prgr

================================================================================
Processing: fixed_receptor
================================================================================
  ✓ Extracting CA atoms... Found 253 residues
  ✓ Extracting DSSP data... 253 available
  ✓ Extracting STRIDE data... 253 available
  ✓ Computing neighbor features... Done
  ✓ Classifying burial status... Done
  ✓ DSSP Metrics (using local implementation):
    Accuracy  : 0.7233 (sklearn: 0.7233) ✓
    Precision : 0.4505 (sklearn: 0.4505) ✓
    Recall    : 0.8475 (sklearn: 0.8475) ✓
    F1 Score  : 0.5882 (sklearn: 0.5882) ✓
    MCC       : 0.4542 (sklearn: 0.4542) ✓
  ✓ STRIDE Metrics (using local implementation):
    Accuracy  : 0.7589 (sklearn: 0.7589) ✓
    Precision : 0.6486 (sklearn: 0.6486) ✓
    Recall    : 0.7660 (sklearn: 0.7660) ✓
    F1 Score  : 0.7024 (sklearn: 0.7024) ✓
    MCC       : 0.5070 (sklearn: 0.5070) ✓
✓ Processing complete

================================================================================
Processing: fixed_receptor_miniscript
================================================================================
  ✓ Extracting CA atoms... Found 253 residues
  ✓ Extracting DSSP data... 253 available
  ✓ Extracting STRIDE data... 253 available
  ✓ Computing neighbor features... Done
  ✓ Classifying burial status... Done
  ✓ DSSP Metrics (using local implementation):
    Accuracy  : 0.7233 (sklearn: 0.7233) ✓
    Precision : 0.4505 (sklearn: 0.4505) ✓
    Recall    : 0.8475 (sklearn: 0.8475) ✓
    F1 Score  : 0.5882 (sklearn: 0.5882) ✓
    MCC       : 0.4542 (sklearn: 0.4542) ✓
  ✓ STRIDE Metrics (using local implementation):
    Accuracy  : 0.7589 (sklearn: 0.7589) ✓
    Precision : 0.6486 (sklearn: 0.6486) ✓
    Recall    : 0.7660 (sklearn: 0.7660) ✓
    F1 Score  : 0.7024 (sklearn: 0.7024) ✓
    MCC       : 0.5070 (sklearn: 0.5070) ✓
✓ Processing complete
  Note: Using first file for ptn1

================================================================================
Processing: fixed_receptor_pdbfixer
================================================================================
  ✓ Extracting CA atoms... Found 253 residues
  ✓ Extracting DSSP data... 253 available
  ✓ Extracting STRIDE data... 253 available
  ✓ Computing neighbor features... Done
  ✓ Classifying burial status... Done
  ✓ DSSP Metrics (using local implementation):
    Accuracy  : 0.7312 (sklearn: 0.7312) ✓
    Precision : 0.4685 (sklearn: 0.4685) ✓
    Recall    : 0.8525 (sklearn: 0.8525) ✓
    F1 Score  : 0.6047 (sklearn: 0.6047) ✓
    MCC       : 0.4699 (sklearn: 0.4699) ✓
  ✓ STRIDE Metrics (using local implementation):
    Accuracy  : 0.7549 (sklearn: 0.7549) ✓
    Precision : 0.6396 (sklearn: 0.6396) ✓
    Recall    : 0.7634 (sklearn: 0.7634) ✓
    F1 Score  : 0.6961 (sklearn: 0.6961) ✓
    MCC       : 0.4989 (sklearn: 0.4989) ✓
✓ Processing complete
  Note: Using first file for ptn1

================================================================================
Processing: receptor
================================================================================
  ✓ Extracting CA atoms... Found 253 residues
  ✓ Extracting DSSP data... Not available
  ✓ Extracting STRIDE data... 253 available
  ✓ Computing neighbor features... Done
  ✓ Classifying burial status... Done
  ✓ STRIDE Metrics (using local implementation):
    Accuracy  : 0.7589 (sklearn: 0.7589) ✓
    Precision : 0.6486 (sklearn: 0.6486) ✓
    Recall    : 0.7660 (sklearn: 0.7660) ✓
    F1 Score  : 0.7024 (sklearn: 0.7024) ✓
    MCC       : 0.5070 (sklearn: 0.5070) ✓
✓ Processing complete
  Note: Using first file for ptn1

================================================================================
Processing: fixed_receptor
================================================================================
  ✓ Extracting CA atoms... Found 248 residues
  ✓ Extracting DSSP data... 248 available
  ✓ Extracting STRIDE data... 248 available
  ✓ Computing neighbor features... Done
  ✓ Classifying burial status... Done
  ✓ DSSP Metrics (using local implementation):
    Accuracy  : 0.7419 (sklearn: 0.7419) ✓
    Precision : 0.5327 (sklearn: 0.5327) ✓
    Recall    : 0.8028 (sklearn: 0.8028) ✓
    F1 Score  : 0.6404 (sklearn: 0.6404) ✓
    MCC       : 0.4749 (sklearn: 0.4749) ✓
  ✓ STRIDE Metrics (using local implementation):
    Accuracy  : 0.7460 (sklearn: 0.7460) ✓
    Precision : 0.7196 (sklearn: 0.7196) ✓
    Recall    : 0.7000 (sklearn: 0.7000) ✓
    F1 Score  : 0.7097 (sklearn: 0.7097) ✓
    MCC       : 0.4841 (sklearn: 0.4841) ✓
✓ Processing complete

================================================================================
Processing: fixed_receptor_miniscript
================================================================================
  ✓ Extracting CA atoms... Found 248 residues
  ✓ Extracting DSSP data... 248 available
  ✓ Extracting STRIDE data... 248 available
  ✓ Computing neighbor features... Done
  ✓ Classifying burial status... Done
  ✓ DSSP Metrics (using local implementation):
    Accuracy  : 0.7419 (sklearn: 0.7419) ✓
    Precision : 0.5327 (sklearn: 0.5327) ✓
    Recall    : 0.8028 (sklearn: 0.8028) ✓
    F1 Score  : 0.6404 (sklearn: 0.6404) ✓
    MCC       : 0.4749 (sklearn: 0.4749) ✓
  ✓ STRIDE Metrics (using local implementation):
    Accuracy  : 0.7460 (sklearn: 0.7460) ✓
    Precision : 0.7196 (sklearn: 0.7196) ✓
    Recall    : 0.7000 (sklearn: 0.7000) ✓
    F1 Score  : 0.7097 (sklearn: 0.7097) ✓
    MCC       : 0.4841 (sklearn: 0.4841) ✓
✓ Processing complete
  Note: Using first file for pur2

================================================================================
Processing: fixed_receptor_pdbfixer
================================================================================
  ✓ Extracting CA atoms... Found 248 residues
  ✓ Extracting DSSP data... 248 available
  ✓ Extracting STRIDE data... 248 available
  ✓ Computing neighbor features... Done
  ✓ Classifying burial status... Done
  ✓ DSSP Metrics (using local implementation):
    Accuracy  : 0.7460 (sklearn: 0.7460) ✓
    Precision : 0.5421 (sklearn: 0.5421) ✓
    Recall    : 0.8056 (sklearn: 0.8056) ✓
    F1 Score  : 0.6480 (sklearn: 0.6480) ✓
    MCC       : 0.4831 (sklearn: 0.4831) ✓
  ✓ STRIDE Metrics (using local implementation):
    Accuracy  : 0.7460 (sklearn: 0.7460) ✓
    Precision : 0.7196 (sklearn: 0.7196) ✓
    Recall    : 0.7000 (sklearn: 0.7000) ✓
    F1 Score  : 0.7097 (sklearn: 0.7097) ✓
    MCC       : 0.4841 (sklearn: 0.4841) ✓
✓ Processing complete
  Note: Using first file for pur2

================================================================================
Processing: receptor
================================================================================
  ✓ Extracting CA atoms... Found 248 residues
  ✓ Extracting DSSP data... Not available
  ✓ Extracting STRIDE data... 248 available
  ✓ Computing neighbor features... Done
  ✓ Classifying burial status... Done
  ✓ STRIDE Metrics (using local implementation):
    Accuracy  : 0.7460 (sklearn: 0.7460) ✓
    Precision : 0.7196 (sklearn: 0.7196) ✓
    Recall    : 0.7000 (sklearn: 0.7000) ✓
    F1 Score  : 0.7097 (sklearn: 0.7097) ✓
    MCC       : 0.4841 (sklearn: 0.4841) ✓
✓ Processing complete
  Note: Using first file for pur2

================================================================================
Processing: fixed_receptor
================================================================================
  ✓ Extracting CA atoms... Found 378 residues
  ✓ Extracting DSSP data... 376 available
  ✓ Extracting STRIDE data... 376 available
  ✓ Computing neighbor features... Done
  ✓ Classifying burial status... Done
  ✓ DSSP Metrics (using local implementation):
    Accuracy  : 0.6596 (sklearn: 0.6596) ✓
    Precision : 0.3533 (sklearn: 0.3533) ✓
    Recall    : 0.8784 (sklearn: 0.8784) ✓
    F1 Score  : 0.5039 (sklearn: 0.5039) ✓
    MCC       : 0.3852 (sklearn: 0.3852) ✓
  ✓ STRIDE Metrics (using local implementation):
    Accuracy  : 0.6995 (sklearn: 0.6995) ✓
    Precision : 0.5761 (sklearn: 0.5761) ✓
    Recall    : 0.7518 (sklearn: 0.7518) ✓
    F1 Score  : 0.6523 (sklearn: 0.6523) ✓
    MCC       : 0.4066 (sklearn: 0.4066) ✓
✓ Processing complete

================================================================================
Processing: fixed_receptor_miniscript
================================================================================
  ✓ Extracting CA atoms... Found 378 residues
  ✓ Extracting DSSP data... 376 available
  ✓ Extracting STRIDE data... 376 available
  ✓ Computing neighbor features... Done
  ✓ Classifying burial status... Done
  ✓ DSSP Metrics (using local implementation):
    Accuracy  : 0.6596 (sklearn: 0.6596) ✓
    Precision : 0.3533 (sklearn: 0.3533) ✓
    Recall    : 0.8784 (sklearn: 0.8784) ✓
    F1 Score  : 0.5039 (sklearn: 0.5039) ✓
    MCC       : 0.3852 (sklearn: 0.3852) ✓
  ✓ STRIDE Metrics (using local implementation):
    Accuracy  : 0.6995 (sklearn: 0.6995) ✓
    Precision : 0.5761 (sklearn: 0.5761) ✓
    Recall    : 0.7518 (sklearn: 0.7518) ✓
    F1 Score  : 0.6523 (sklearn: 0.6523) ✓
    MCC       : 0.4066 (sklearn: 0.4066) ✓
✓ Processing complete
  Note: Using first file for pygm

================================================================================
Processing: fixed_receptor_pdbfixer
================================================================================
  ✓ Extracting CA atoms... Found 377 residues
  ✓ Extracting DSSP data... 377 available
  ✓ Extracting STRIDE data... 377 available
  ✓ Computing neighbor features... Done
  ✓ Classifying burial status... Done
  ✓ DSSP Metrics (using local implementation):
    Accuracy  : 0.6578 (sklearn: 0.6578) ✓
    Precision : 0.3514 (sklearn: 0.3514) ✓
    Recall    : 0.8784 (sklearn: 0.8784) ✓
    F1 Score  : 0.5019 (sklearn: 0.5019) ✓
    MCC       : 0.3832 (sklearn: 0.3832) ✓
  ✓ STRIDE Metrics (using local implementation):
    Accuracy  : 0.6976 (sklearn: 0.6976) ✓
    Precision : 0.5784 (sklearn: 0.5784) ✓
    Recall    : 0.7483 (sklearn: 0.7483) ✓
    F1 Score  : 0.6524 (sklearn: 0.6524) ✓
    MCC       : 0.4027 (sklearn: 0.4027) ✓
✓ Processing complete
  Note: Using first file for pygm

================================================================================
Processing: receptor
================================================================================
  ✓ Extracting CA atoms... Found 378 residues
  ✓ Extracting DSSP data... Not available
  ✓ Extracting STRIDE data... 376 available
  ✓ Computing neighbor features... Done
  ✓ Classifying burial status... Done
  ✓ STRIDE Metrics (using local implementation):
    Accuracy  : 0.6995 (sklearn: 0.6995) ✓
    Precision : 0.5761 (sklearn: 0.5761) ✓
    Recall    : 0.7518 (sklearn: 0.7518) ✓
    F1 Score  : 0.6523 (sklearn: 0.6523) ✓
    MCC       : 0.4066 (sklearn: 0.4066) ✓
✓ Processing complete
  Note: Using first file for pygm

================================================================================
Processing: fixed_receptor
================================================================================
  ✓ Extracting CA atoms... Found 275 residues
  ✓ Extracting DSSP data... 275 available
  ✓ Extracting STRIDE data... 275 available
  ✓ Computing neighbor features... Done
  ✓ Classifying burial status... Done
  ✓ DSSP Metrics (using local implementation):
    Accuracy  : 0.7636 (sklearn: 0.7636) ✓
    Precision : 0.5048 (sklearn: 0.5048) ✓
    Recall    : 0.8030 (sklearn: 0.8030) ✓
    F1 Score  : 0.6199 (sklearn: 0.6199) ✓
    MCC       : 0.4872 (sklearn: 0.4872) ✓
  ✓ STRIDE Metrics (using local implementation):
    Accuracy  : 0.7455 (sklearn: 0.7455) ✓
    Precision : 0.6952 (sklearn: 0.6952) ✓
    Recall    : 0.6577 (sklearn: 0.6577) ✓
    F1 Score  : 0.6759 (sklearn: 0.6759) ✓
    MCC       : 0.4671 (sklearn: 0.4671) ✓
✓ Processing complete

================================================================================
Processing: fixed_receptor_miniscript
================================================================================
  ✓ Extracting CA atoms... Found 275 residues
  ✓ Extracting DSSP data... 275 available
  ✓ Extracting STRIDE data... 275 available
  ✓ Computing neighbor features... Done
  ✓ Classifying burial status... Done
  ✓ DSSP Metrics (using local implementation):
    Accuracy  : 0.7636 (sklearn: 0.7636) ✓
    Precision : 0.5048 (sklearn: 0.5048) ✓
    Recall    : 0.8030 (sklearn: 0.8030) ✓
    F1 Score  : 0.6199 (sklearn: 0.6199) ✓
    MCC       : 0.4872 (sklearn: 0.4872) ✓
  ✓ STRIDE Metrics (using local implementation):
    Accuracy  : 0.7455 (sklearn: 0.7455) ✓
    Precision : 0.6952 (sklearn: 0.6952) ✓
    Recall    : 0.6577 (sklearn: 0.6577) ✓
    F1 Score  : 0.6759 (sklearn: 0.6759) ✓
    MCC       : 0.4671 (sklearn: 0.4671) ✓
✓ Processing complete
  Note: Using first file for pyrd

================================================================================
Processing: fixed_receptor_pdbfixer
================================================================================
  ✓ Extracting CA atoms... Found 275 residues
  ✓ Extracting DSSP data... 275 available
  ✓ Extracting STRIDE data... 275 available
  ✓ Computing neighbor features... Done
  ✓ Classifying burial status... Done
  ✓ DSSP Metrics (using local implementation):
    Accuracy  : 0.7636 (sklearn: 0.7636) ✓
    Precision : 0.5048 (sklearn: 0.5048) ✓
    Recall    : 0.8030 (sklearn: 0.8030) ✓
    F1 Score  : 0.6199 (sklearn: 0.6199) ✓
    MCC       : 0.4872 (sklearn: 0.4872) ✓
  ✓ STRIDE Metrics (using local implementation):
    Accuracy  : 0.7491 (sklearn: 0.7491) ✓
    Precision : 0.6952 (sklearn: 0.6952) ✓
    Recall    : 0.6636 (sklearn: 0.6636) ✓
    F1 Score  : 0.6791 (sklearn: 0.6791) ✓
    MCC       : 0.4736 (sklearn: 0.4736) ✓
✓ Processing complete
  Note: Using first file for pyrd

================================================================================
Processing: receptor
================================================================================
  ✓ Extracting CA atoms... Found 275 residues
  ✓ Extracting DSSP data... Not available
  ✓ Extracting STRIDE data... 275 available
  ✓ Computing neighbor features... Done
  ✓ Classifying burial status... Done
  ✓ STRIDE Metrics (using local implementation):
    Accuracy  : 0.7455 (sklearn: 0.7455) ✓
    Precision : 0.6952 (sklearn: 0.6952) ✓
    Recall    : 0.6577 (sklearn: 0.6577) ✓
    F1 Score  : 0.6759 (sklearn: 0.6759) ✓
    MCC       : 0.4671 (sklearn: 0.4671) ✓
✓ Processing complete
  Note: Using first file for pyrd

================================================================================
Processing: fixed_receptor
================================================================================
  ✓ Extracting CA atoms... Found 395 residues
  ✓ Extracting DSSP data... 395 available
  ✓ Extracting STRIDE data... 395 available
  ✓ Computing neighbor features... Done
  ✓ Classifying burial status... Done
  ✓ DSSP Metrics (using local implementation):
    Accuracy  : 0.7165 (sklearn: 0.7165) ✓
    Precision : 0.4684 (sklearn: 0.4684) ✓
    Recall    : 0.8900 (sklearn: 0.8900) ✓
    F1 Score  : 0.6138 (sklearn: 0.6138) ✓
    MCC       : 0.4766 (sklearn: 0.4766) ✓
  ✓ STRIDE Metrics (using local implementation):
    Accuracy  : 0.8051 (sklearn: 0.8051) ✓
    Precision : 0.7421 (sklearn: 0.7421) ✓
    Recall    : 0.8343 (sklearn: 0.8343) ✓
    F1 Score  : 0.7855 (sklearn: 0.7855) ✓
    MCC       : 0.6115 (sklearn: 0.6115) ✓
✓ Processing complete

================================================================================
Processing: fixed_receptor_miniscript
================================================================================
  ✓ Extracting CA atoms... Found 395 residues
  ✓ Extracting DSSP data... 395 available
  ✓ Extracting STRIDE data... 395 available
  ✓ Computing neighbor features... Done
  ✓ Classifying burial status... Done
  ✓ DSSP Metrics (using local implementation):
    Accuracy  : 0.7165 (sklearn: 0.7165) ✓
    Precision : 0.4684 (sklearn: 0.4684) ✓
    Recall    : 0.8900 (sklearn: 0.8900) ✓
    F1 Score  : 0.6138 (sklearn: 0.6138) ✓
    MCC       : 0.4766 (sklearn: 0.4766) ✓
  ✓ STRIDE Metrics (using local implementation):
    Accuracy  : 0.8051 (sklearn: 0.8051) ✓
    Precision : 0.7421 (sklearn: 0.7421) ✓
    Recall    : 0.8343 (sklearn: 0.8343) ✓
    F1 Score  : 0.7855 (sklearn: 0.7855) ✓
    MCC       : 0.6115 (sklearn: 0.6115) ✓
✓ Processing complete
  Note: Using first file for reni

================================================================================
Processing: fixed_receptor_pdbfixer
================================================================================
  ✓ Extracting CA atoms... Found 395 residues
  ✓ Extracting DSSP data... 395 available
  ✓ Extracting STRIDE data... 395 available
  ✓ Computing neighbor features... Done
  ✓ Classifying burial status... Done
  ✓ DSSP Metrics (using local implementation):
    Accuracy  : 0.7190 (sklearn: 0.7190) ✓
    Precision : 0.4737 (sklearn: 0.4737) ✓
    Recall    : 0.8911 (sklearn: 0.8911) ✓
    F1 Score  : 0.6186 (sklearn: 0.6186) ✓
    MCC       : 0.4811 (sklearn: 0.4811) ✓
  ✓ STRIDE Metrics (using local implementation):
    Accuracy  : 0.8051 (sklearn: 0.8051) ✓
    Precision : 0.7421 (sklearn: 0.7421) ✓
    Recall    : 0.8343 (sklearn: 0.8343) ✓
    F1 Score  : 0.7855 (sklearn: 0.7855) ✓
    MCC       : 0.6115 (sklearn: 0.6115) ✓
✓ Processing complete
  Note: Using first file for reni

================================================================================
Processing: receptor
================================================================================
  ✓ Extracting CA atoms... Found 395 residues
  ✓ Extracting DSSP data... Not available
  ✓ Extracting STRIDE data... 395 available
  ✓ Computing neighbor features... Done
  ✓ Classifying burial status... Done
  ✓ STRIDE Metrics (using local implementation):
    Accuracy  : 0.8051 (sklearn: 0.8051) ✓
    Precision : 0.7421 (sklearn: 0.7421) ✓
    Recall    : 0.8343 (sklearn: 0.8343) ✓
    F1 Score  : 0.7855 (sklearn: 0.7855) ✓
    MCC       : 0.6115 (sklearn: 0.6115) ✓
✓ Processing complete
  Note: Using first file for reni

================================================================================
Processing: fixed_receptor
================================================================================
  ✓ Extracting CA atoms... Found 324 residues
  ✓ Extracting DSSP data... 324 available
  ✓ Extracting STRIDE data... 324 available
  ✓ Computing neighbor features... Done
  ✓ Classifying burial status... Done
  ✓ DSSP Metrics (using local implementation):
    Accuracy  : 0.6852 (sklearn: 0.6852) ✓
    Precision : 0.4329 (sklearn: 0.4329) ✓
    Recall    : 0.8875 (sklearn: 0.8875) ✓
    F1 Score  : 0.5820 (sklearn: 0.5820) ✓
    MCC       : 0.4367 (sklearn: 0.4367) ✓
  ✓ STRIDE Metrics (using local implementation):
    Accuracy  : 0.7407 (sklearn: 0.7407) ✓
    Precision : 0.6463 (sklearn: 0.6463) ✓
    Recall    : 0.8030 (sklearn: 0.8030) ✓
    F1 Score  : 0.7162 (sklearn: 0.7162) ✓
    MCC       : 0.4923 (sklearn: 0.4923) ✓
✓ Processing complete

================================================================================
Processing: fixed_receptor_miniscript
================================================================================
  ✓ Extracting CA atoms... Found 324 residues
  ✓ Extracting DSSP data... 324 available
  ✓ Extracting STRIDE data... 324 available
  ✓ Computing neighbor features... Done
  ✓ Classifying burial status... Done
  ✓ DSSP Metrics (using local implementation):
    Accuracy  : 0.6852 (sklearn: 0.6852) ✓
    Precision : 0.4329 (sklearn: 0.4329) ✓
    Recall    : 0.8875 (sklearn: 0.8875) ✓
    F1 Score  : 0.5820 (sklearn: 0.5820) ✓
    MCC       : 0.4367 (sklearn: 0.4367) ✓
  ✓ STRIDE Metrics (using local implementation):
    Accuracy  : 0.7407 (sklearn: 0.7407) ✓
    Precision : 0.6463 (sklearn: 0.6463) ✓
    Recall    : 0.8030 (sklearn: 0.8030) ✓
    F1 Score  : 0.7162 (sklearn: 0.7162) ✓
    MCC       : 0.4923 (sklearn: 0.4923) ✓
✓ Processing complete
  Note: Using first file for rock1

================================================================================
Processing: fixed_receptor_pdbfixer
================================================================================
  ✓ Extracting CA atoms... Found 324 residues
  ✓ Extracting DSSP data... 324 available
  ✓ Extracting STRIDE data... 324 available
  ✓ Computing neighbor features... Done
  ✓ Classifying burial status... Done
  ✓ DSSP Metrics (using local implementation):
    Accuracy  : 0.6914 (sklearn: 0.6914) ✓
    Precision : 0.4390 (sklearn: 0.4390) ✓
    Recall    : 0.9000 (sklearn: 0.9000) ✓
    F1 Score  : 0.5902 (sklearn: 0.5902) ✓
    MCC       : 0.4510 (sklearn: 0.4510) ✓
  ✓ STRIDE Metrics (using local implementation):
    Accuracy  : 0.7407 (sklearn: 0.7407) ✓
    Precision : 0.6463 (sklearn: 0.6463) ✓
    Recall    : 0.8030 (sklearn: 0.8030) ✓
    F1 Score  : 0.7162 (sklearn: 0.7162) ✓
    MCC       : 0.4923 (sklearn: 0.4923) ✓
✓ Processing complete
  Note: Using first file for rock1

================================================================================
Processing: receptor
================================================================================
  ✓ Extracting CA atoms... Found 324 residues
  ✓ Extracting DSSP data... Not available
  ✓ Extracting STRIDE data... 324 available
  ✓ Computing neighbor features... Done
  ✓ Classifying burial status... Done
  ✓ STRIDE Metrics (using local implementation):
    Accuracy  : 0.7407 (sklearn: 0.7407) ✓
    Precision : 0.6463 (sklearn: 0.6463) ✓
    Recall    : 0.8030 (sklearn: 0.8030) ✓
    F1 Score  : 0.7162 (sklearn: 0.7162) ✓
    MCC       : 0.4923 (sklearn: 0.4923) ✓
✓ Processing complete
  Note: Using first file for rock1

================================================================================
Processing: fixed_receptor
================================================================================
  ✓ Extracting CA atoms... Found 216 residues
  ✓ Extracting DSSP data... 216 available
  ✓ Extracting STRIDE data... 216 available
  ✓ Computing neighbor features... Done
  ✓ Classifying burial status... Done
  ✓ DSSP Metrics (using local implementation):
    Accuracy  : 0.7731 (sklearn: 0.7731) ✓
    Precision : 0.5301 (sklearn: 0.5301) ✓
    Recall    : 0.8148 (sklearn: 0.8148) ✓
    F1 Score  : 0.6423 (sklearn: 0.6423) ✓
    MCC       : 0.5110 (sklearn: 0.5110) ✓
  ✓ STRIDE Metrics (using local implementation):
    Accuracy  : 0.6944 (sklearn: 0.6944) ✓
    Precision : 0.6747 (sklearn: 0.6747) ✓
    Recall    : 0.5895 (sklearn: 0.5895) ✓
    F1 Score  : 0.6292 (sklearn: 0.6292) ✓
    MCC       : 0.3738 (sklearn: 0.3738) ✓
✓ Processing complete

================================================================================
Processing: fixed_receptor_miniscript
================================================================================
  ✓ Extracting CA atoms... Found 216 residues
  ✓ Extracting DSSP data... 216 available
  ✓ Extracting STRIDE data... 216 available
  ✓ Computing neighbor features... Done
  ✓ Classifying burial status... Done
  ✓ DSSP Metrics (using local implementation):
    Accuracy  : 0.7731 (sklearn: 0.7731) ✓
    Precision : 0.5301 (sklearn: 0.5301) ✓
    Recall    : 0.8148 (sklearn: 0.8148) ✓
    F1 Score  : 0.6423 (sklearn: 0.6423) ✓
    MCC       : 0.5110 (sklearn: 0.5110) ✓
  ✓ STRIDE Metrics (using local implementation):
    Accuracy  : 0.6944 (sklearn: 0.6944) ✓
    Precision : 0.6747 (sklearn: 0.6747) ✓
    Recall    : 0.5895 (sklearn: 0.5895) ✓
    F1 Score  : 0.6292 (sklearn: 0.6292) ✓
    MCC       : 0.3738 (sklearn: 0.3738) ✓
✓ Processing complete
  Note: Using first file for rxra

================================================================================
Processing: fixed_receptor_pdbfixer
================================================================================
  ✓ Extracting CA atoms... Found 216 residues
  ✓ Extracting DSSP data... 216 available
  ✓ Extracting STRIDE data... 216 available
  ✓ Computing neighbor features... Done
  ✓ Classifying burial status... Done
  ✓ DSSP Metrics (using local implementation):
    Accuracy  : 0.7778 (sklearn: 0.7778) ✓
    Precision : 0.5422 (sklearn: 0.5422) ✓
    Recall    : 0.8182 (sklearn: 0.8182) ✓
    F1 Score  : 0.6522 (sklearn: 0.6522) ✓
    MCC       : 0.5214 (sklearn: 0.5214) ✓
  ✓ STRIDE Metrics (using local implementation):
    Accuracy  : 0.6944 (sklearn: 0.6944) ✓
    Precision : 0.6747 (sklearn: 0.6747) ✓
    Recall    : 0.5895 (sklearn: 0.5895) ✓
    F1 Score  : 0.6292 (sklearn: 0.6292) ✓
    MCC       : 0.3738 (sklearn: 0.3738) ✓
✓ Processing complete
  Note: Using first file for rxra

================================================================================
Processing: receptor
================================================================================
  ✓ Extracting CA atoms... Found 216 residues
  ✓ Extracting DSSP data... Not available
  ✓ Extracting STRIDE data... 216 available
  ✓ Computing neighbor features... Done
  ✓ Classifying burial status... Done
  ✓ STRIDE Metrics (using local implementation):
    Accuracy  : 0.6944 (sklearn: 0.6944) ✓
    Precision : 0.6747 (sklearn: 0.6747) ✓
    Recall    : 0.5895 (sklearn: 0.5895) ✓
    F1 Score  : 0.6292 (sklearn: 0.6292) ✓
    MCC       : 0.3738 (sklearn: 0.3738) ✓
✓ Processing complete
  Note: Using first file for rxra

================================================================================
Processing: fixed_receptor
================================================================================
  ✓ Extracting CA atoms... Found 385 residues
  ✓ Extracting DSSP data... 385 available
  ✓ Extracting STRIDE data... 385 available
  ✓ Computing neighbor features... Done
  ✓ Classifying burial status... Done
  ✓ DSSP Metrics (using local implementation):
    Accuracy  : 0.8104 (sklearn: 0.8104) ✓
    Precision : 0.5368 (sklearn: 0.5368) ✓
    Recall    : 0.8795 (sklearn: 0.8795) ✓
    F1 Score  : 0.6667 (sklearn: 0.6667) ✓
    MCC       : 0.5772 (sklearn: 0.5772) ✓
  ✓ STRIDE Metrics (using local implementation):
    Accuracy  : 0.7896 (sklearn: 0.7896) ✓
    Precision : 0.7426 (sklearn: 0.7426) ✓
    Recall    : 0.6871 (sklearn: 0.6871) ✓
    F1 Score  : 0.7138 (sklearn: 0.7138) ✓
    MCC       : 0.5489 (sklearn: 0.5489) ✓
✓ Processing complete

================================================================================
Processing: fixed_receptor_miniscript
================================================================================
  ✓ Extracting CA atoms... Found 385 residues
  ✓ Extracting DSSP data... 385 available
  ✓ Extracting STRIDE data... 385 available
  ✓ Computing neighbor features... Done
  ✓ Classifying burial status... Done
  ✓ DSSP Metrics (using local implementation):
    Accuracy  : 0.8104 (sklearn: 0.8104) ✓
    Precision : 0.5368 (sklearn: 0.5368) ✓
    Recall    : 0.8795 (sklearn: 0.8795) ✓
    F1 Score  : 0.6667 (sklearn: 0.6667) ✓
    MCC       : 0.5772 (sklearn: 0.5772) ✓
  ✓ STRIDE Metrics (using local implementation):
    Accuracy  : 0.7896 (sklearn: 0.7896) ✓
    Precision : 0.7426 (sklearn: 0.7426) ✓
    Recall    : 0.6871 (sklearn: 0.6871) ✓
    F1 Score  : 0.7138 (sklearn: 0.7138) ✓
    MCC       : 0.5489 (sklearn: 0.5489) ✓
✓ Processing complete
  Note: Using first file for sahh

================================================================================
Processing: fixed_receptor_pdbfixer
================================================================================
  ✓ Extracting CA atoms... Found 385 residues
  ✓ Extracting DSSP data... 385 available
  ✓ Extracting STRIDE data... 385 available
  ✓ Computing neighbor features... Done
  ✓ Classifying burial status... Done
  ✓ DSSP Metrics (using local implementation):
    Accuracy  : 0.8130 (sklearn: 0.8130) ✓
    Precision : 0.5441 (sklearn: 0.5441) ✓
    Recall    : 0.8810 (sklearn: 0.8810) ✓
    F1 Score  : 0.6727 (sklearn: 0.6727) ✓
    MCC       : 0.5832 (sklearn: 0.5832) ✓
  ✓ STRIDE Metrics (using local implementation):
    Accuracy  : 0.7896 (sklearn: 0.7896) ✓
    Precision : 0.7426 (sklearn: 0.7426) ✓
    Recall    : 0.6871 (sklearn: 0.6871) ✓
    F1 Score  : 0.7138 (sklearn: 0.7138) ✓
    MCC       : 0.5489 (sklearn: 0.5489) ✓
✓ Processing complete
  Note: Using first file for sahh

================================================================================
Processing: receptor
================================================================================
  ✓ Extracting CA atoms... Found 385 residues
  ✓ Extracting DSSP data... Not available
  ✓ Extracting STRIDE data... 385 available
  ✓ Computing neighbor features... Done
  ✓ Classifying burial status... Done
  ✓ STRIDE Metrics (using local implementation):
    Accuracy  : 0.7896 (sklearn: 0.7896) ✓
    Precision : 0.7426 (sklearn: 0.7426) ✓
    Recall    : 0.6871 (sklearn: 0.6871) ✓
    F1 Score  : 0.7138 (sklearn: 0.7138) ✓
    MCC       : 0.5489 (sklearn: 0.5489) ✓
✓ Processing complete
  Note: Using first file for sahh

================================================================================
Processing: fixed_receptor
================================================================================
  ✓ Extracting CA atoms... Found 233 residues
  ✓ Extracting DSSP data... 230 available
  ✓ Extracting STRIDE data... 230 available
  ✓ Computing neighbor features... Done
  ✓ Classifying burial status... Done
  ✓ DSSP Metrics (using local implementation):
    Accuracy  : 0.7522 (sklearn: 0.7522) ✓
    Precision : 0.5234 (sklearn: 0.5234) ✓
    Recall    : 0.9032 (sklearn: 0.9032) ✓
    F1 Score  : 0.6627 (sklearn: 0.6627) ✓
    MCC       : 0.5335 (sklearn: 0.5335) ✓
  ✓ STRIDE Metrics (using local implementation):
    Accuracy  : 0.8043 (sklearn: 0.8043) ✓
    Precision : 0.7664 (sklearn: 0.7664) ✓
    Recall    : 0.8039 (sklearn: 0.8039) ✓
    F1 Score  : 0.7847 (sklearn: 0.7847) ✓
    MCC       : 0.6062 (sklearn: 0.6062) ✓
✓ Processing complete

================================================================================
Processing: fixed_receptor_miniscript
================================================================================
  ✓ Extracting CA atoms... Found 233 residues
  ✓ Extracting DSSP data... 230 available
  ✓ Extracting STRIDE data... 230 available
  ✓ Computing neighbor features... Done
  ✓ Classifying burial status... Done
  ✓ DSSP Metrics (using local implementation):
    Accuracy  : 0.7522 (sklearn: 0.7522) ✓
    Precision : 0.5234 (sklearn: 0.5234) ✓
    Recall    : 0.9032 (sklearn: 0.9032) ✓
    F1 Score  : 0.6627 (sklearn: 0.6627) ✓
    MCC       : 0.5335 (sklearn: 0.5335) ✓
  ✓ STRIDE Metrics (using local implementation):
    Accuracy  : 0.8043 (sklearn: 0.8043) ✓
    Precision : 0.7664 (sklearn: 0.7664) ✓
    Recall    : 0.8039 (sklearn: 0.8039) ✓
    F1 Score  : 0.7847 (sklearn: 0.7847) ✓
    MCC       : 0.6062 (sklearn: 0.6062) ✓
✓ Processing complete
  Note: Using first file for src

================================================================================
Processing: fixed_receptor_pdbfixer
================================================================================
  ✓ Extracting CA atoms... Found 232 residues
  ✓ Extracting DSSP data... 232 available
  ✓ Extracting STRIDE data... 232 available
  ✓ Computing neighbor features... Done
  ✓ Classifying burial status... Done
  ✓ DSSP Metrics (using local implementation):
    Accuracy  : 0.7457 (sklearn: 0.7457) ✓
    Precision : 0.5138 (sklearn: 0.5138) ✓
    Recall    : 0.9032 (sklearn: 0.9032) ✓
    F1 Score  : 0.6550 (sklearn: 0.6550) ✓
    MCC       : 0.5244 (sklearn: 0.5244) ✓
  ✓ STRIDE Metrics (using local implementation):
    Accuracy  : 0.8017 (sklearn: 0.8017) ✓
    Precision : 0.7706 (sklearn: 0.7706) ✓
    Recall    : 0.8000 (sklearn: 0.8000) ✓
    F1 Score  : 0.7850 (sklearn: 0.7850) ✓
    MCC       : 0.6015 (sklearn: 0.6015) ✓
✓ Processing complete
  Note: Using first file for src

================================================================================
Processing: receptor
================================================================================
  ✓ Extracting CA atoms... Found 233 residues
  ✓ Extracting DSSP data... Not available
  ✓ Extracting STRIDE data... 230 available
  ✓ Computing neighbor features... Done
  ✓ Classifying burial status... Done
  ✓ STRIDE Metrics (using local implementation):
    Accuracy  : 0.8043 (sklearn: 0.8043) ✓
    Precision : 0.7664 (sklearn: 0.7664) ✓
    Recall    : 0.8039 (sklearn: 0.8039) ✓
    F1 Score  : 0.7847 (sklearn: 0.7847) ✓
    MCC       : 0.6062 (sklearn: 0.6062) ✓
✓ Processing complete
  Note: Using first file for src

================================================================================
Processing: fixed_receptor
================================================================================
  ✓ Extracting CA atoms... Found 260 residues
  ✓ Extracting DSSP data... 260 available
  ✓ Extracting STRIDE data... 260 available
  ✓ Computing neighbor features... Done
  ✓ Classifying burial status... Done
  ✓ DSSP Metrics (using local implementation):
    Accuracy  : 0.7154 (sklearn: 0.7154) ✓
    Precision : 0.4426 (sklearn: 0.4426) ✓
    Recall    : 0.9000 (sklearn: 0.9000) ✓
    F1 Score  : 0.5934 (sklearn: 0.5934) ✓
    MCC       : 0.4728 (sklearn: 0.4728) ✓
  ✓ STRIDE Metrics (using local implementation):
    Accuracy  : 0.7654 (sklearn: 0.7654) ✓
    Precision : 0.7131 (sklearn: 0.7131) ✓
    Recall    : 0.7699 (sklearn: 0.7699) ✓
    F1 Score  : 0.7404 (sklearn: 0.7404) ✓
    MCC       : 0.5283 (sklearn: 0.5283) ✓
✓ Processing complete

================================================================================
Processing: fixed_receptor_miniscript
================================================================================
  ✓ Extracting CA atoms... Found 260 residues
  ✓ Extracting DSSP data... 260 available
  ✓ Extracting STRIDE data... 260 available
  ✓ Computing neighbor features... Done
  ✓ Classifying burial status... Done
  ✓ DSSP Metrics (using local implementation):
    Accuracy  : 0.7154 (sklearn: 0.7154) ✓
    Precision : 0.4426 (sklearn: 0.4426) ✓
    Recall    : 0.9000 (sklearn: 0.9000) ✓
    F1 Score  : 0.5934 (sklearn: 0.5934) ✓
    MCC       : 0.4728 (sklearn: 0.4728) ✓
  ✓ STRIDE Metrics (using local implementation):
    Accuracy  : 0.7654 (sklearn: 0.7654) ✓
    Precision : 0.7131 (sklearn: 0.7131) ✓
    Recall    : 0.7699 (sklearn: 0.7699) ✓
    F1 Score  : 0.7404 (sklearn: 0.7404) ✓
    MCC       : 0.5283 (sklearn: 0.5283) ✓
✓ Processing complete
  Note: Using first file for tgfr1

================================================================================
Processing: fixed_receptor_pdbfixer
================================================================================
  ✓ Extracting CA atoms... Found 260 residues
  ✓ Extracting DSSP data... 260 available
  ✓ Extracting STRIDE data... 260 available
  ✓ Computing neighbor features... Done
  ✓ Classifying burial status... Done
  ✓ DSSP Metrics (using local implementation):
    Accuracy  : 0.7115 (sklearn: 0.7115) ✓
    Precision : 0.4344 (sklearn: 0.4344) ✓
    Recall    : 0.8983 (sklearn: 0.8983) ✓
    F1 Score  : 0.5856 (sklearn: 0.5856) ✓
    MCC       : 0.4658 (sklearn: 0.4658) ✓
  ✓ STRIDE Metrics (using local implementation):
    Accuracy  : 0.7654 (sklearn: 0.7654) ✓
    Precision : 0.7131 (sklearn: 0.7131) ✓
    Recall    : 0.7699 (sklearn: 0.7699) ✓
    F1 Score  : 0.7404 (sklearn: 0.7404) ✓
    MCC       : 0.5283 (sklearn: 0.5283) ✓
✓ Processing complete
  Note: Using first file for tgfr1

================================================================================
Processing: receptor
================================================================================
  ✓ Extracting CA atoms... Found 260 residues
  ✓ Extracting DSSP data... Not available
  ✓ Extracting STRIDE data... 260 available
  ✓ Computing neighbor features... Done
  ✓ Classifying burial status... Done
  ✓ STRIDE Metrics (using local implementation):
    Accuracy  : 0.7654 (sklearn: 0.7654) ✓
    Precision : 0.7131 (sklearn: 0.7131) ✓
    Recall    : 0.7699 (sklearn: 0.7699) ✓
    F1 Score  : 0.7404 (sklearn: 0.7404) ✓
    MCC       : 0.5283 (sklearn: 0.5283) ✓
✓ Processing complete
  Note: Using first file for tgfr1

================================================================================
Processing: 1nq2
================================================================================
  ✓ Extracting CA atoms... Found 255 residues
  ✓ Extracting DSSP data... 255 available
  ✓ Extracting STRIDE data... 255 available
  ✓ Computing neighbor features... Done
  ✓ Classifying burial status... Done
  ✓ DSSP Metrics (using local implementation):
    Accuracy  : 0.7647 (sklearn: 0.7647) ✓
    Precision : 0.5435 (sklearn: 0.5435) ✓
    Recall    : 0.7353 (sklearn: 0.7353) ✓
    F1 Score  : 0.6250 (sklearn: 0.6250) ✓
    MCC       : 0.4703 (sklearn: 0.4703) ✓
  ✓ STRIDE Metrics (using local implementation):
    Accuracy  : 0.7294 (sklearn: 0.7294) ✓
    Precision : 0.7609 (sklearn: 0.7609) ✓
    Recall    : 0.5983 (sklearn: 0.5983) ✓
    F1 Score  : 0.6699 (sklearn: 0.6699) ✓
    MCC       : 0.4554 (sklearn: 0.4554) ✓
✓ Processing complete

================================================================================
Processing: 1nuo
================================================================================
  ✓ Extracting CA atoms... Found 247 residues
  ✓ Extracting DSSP data... 247 available
  ✓ Extracting STRIDE data... 247 available
  ✓ Computing neighbor features... Done
  ✓ Classifying burial status... Done
  ✓ DSSP Metrics (using local implementation):
    Accuracy  : 0.7449 (sklearn: 0.7449) ✓
    Precision : 0.5000 (sklearn: 0.5000) ✓
    Recall    : 0.7302 (sklearn: 0.7302) ✓
    F1 Score  : 0.5935 (sklearn: 0.5935) ✓
    MCC       : 0.4329 (sklearn: 0.4329) ✓
  ✓ STRIDE Metrics (using local implementation):
    Accuracy  : 0.7368 (sklearn: 0.7368) ✓
    Precision : 0.7500 (sklearn: 0.7500) ✓
    Recall    : 0.6216 (sklearn: 0.6216) ✓
    F1 Score  : 0.6798 (sklearn: 0.6798) ✓
    MCC       : 0.4656 (sklearn: 0.4656) ✓
✓ Processing complete
  Note: Using first file for thb

================================================================================
Processing: 1q4x
================================================================================
  ✓ Extracting CA atoms... Found 239 residues
  ✓ Extracting DSSP data... 239 available
  ✓ Extracting STRIDE data... 239 available
  ✓ Computing neighbor features... Done
  ✓ Classifying burial status... Done
  ✓ DSSP Metrics (using local implementation):
    Accuracy  : 0.7992 (sklearn: 0.7992) ✓
    Precision : 0.5854 (sklearn: 0.5854) ✓
    Recall    : 0.7742 (sklearn: 0.7742) ✓
    F1 Score  : 0.6667 (sklearn: 0.6667) ✓
    MCC       : 0.5374 (sklearn: 0.5374) ✓
  ✓ STRIDE Metrics (using local implementation):
    Accuracy  : 0.7406 (sklearn: 0.7406) ✓
    Precision : 0.7805 (sklearn: 0.7805) ✓
    Recall    : 0.5926 (sklearn: 0.5926) ✓
    F1 Score  : 0.6737 (sklearn: 0.6737) ✓
    MCC       : 0.4772 (sklearn: 0.4772) ✓
✓ Processing complete
  Note: Using first file for thb

================================================================================
Processing: 1r6g
================================================================================
  ✓ Extracting CA atoms... Found 239 residues
  ✓ Extracting DSSP data... 239 available
  ✓ Extracting STRIDE data... 239 available
  ✓ Computing neighbor features... Done
  ✓ Classifying burial status... Done
  ✓ DSSP Metrics (using local implementation):
    Accuracy  : 0.8033 (sklearn: 0.8033) ✓
    Precision : 0.6180 (sklearn: 0.6180) ✓
    Recall    : 0.8088 (sklearn: 0.8088) ✓
    F1 Score  : 0.7006 (sklearn: 0.7006) ✓
    MCC       : 0.5693 (sklearn: 0.5693) ✓
  ✓ STRIDE Metrics (using local implementation):
    Accuracy  : 0.7322 (sklearn: 0.7322) ✓
    Precision : 0.7416 (sklearn: 0.7416) ✓
    Recall    : 0.6168 (sklearn: 0.6168) ✓
    F1 Score  : 0.6735 (sklearn: 0.6735) ✓
    MCC       : 0.4552 (sklearn: 0.4552) ✓
✓ Processing complete
  Note: Using first file for thb

================================================================================
Processing: 1xzx
================================================================================
  ✓ Extracting CA atoms... Found 249 residues
  ✓ Extracting DSSP data... 249 available
  ✓ Extracting STRIDE data... 249 available
  ✓ Computing neighbor features... Done
  ✓ Classifying burial status... Done
  ✓ DSSP Metrics (using local implementation):
    Accuracy  : 0.7470 (sklearn: 0.7470) ✓
    Precision : 0.5000 (sklearn: 0.5000) ✓
    Recall    : 0.7302 (sklearn: 0.7302) ✓
    F1 Score  : 0.5935 (sklearn: 0.5935) ✓
    MCC       : 0.4349 (sklearn: 0.4349) ✓
  ✓ STRIDE Metrics (using local implementation):
    Accuracy  : 0.7309 (sklearn: 0.7309) ✓
    Precision : 0.7609 (sklearn: 0.7609) ✓
    Recall    : 0.6087 (sklearn: 0.6087) ✓
    F1 Score  : 0.6763 (sklearn: 0.6763) ✓
    MCC       : 0.4591 (sklearn: 0.4591) ✓
✓ Processing complete
  Note: Using first file for thb

================================================================================
Processing: 2j4a
================================================================================
  ✓ Extracting CA atoms... Found 250 residues
  ✓ Extracting DSSP data... 250 available
  ✓ Extracting STRIDE data... 250 available
  ✓ Computing neighbor features... Done
  ✓ Classifying burial status... Done
  ✓ DSSP Metrics (using local implementation):
    Accuracy  : 0.8000 (sklearn: 0.8000) ✓
    Precision : 0.6023 (sklearn: 0.6023) ✓
    Recall    : 0.7794 (sklearn: 0.7794) ✓
    F1 Score  : 0.6795 (sklearn: 0.6795) ✓
    MCC       : 0.5470 (sklearn: 0.5470) ✓
  ✓ STRIDE Metrics (using local implementation):
    Accuracy  : 0.7440 (sklearn: 0.7440) ✓
    Precision : 0.7841 (sklearn: 0.7841) ✓
    Recall    : 0.6053 (sklearn: 0.6053) ✓
    F1 Score  : 0.6832 (sklearn: 0.6832) ✓
    MCC       : 0.4855 (sklearn: 0.4855) ✓
✓ Processing complete
  Note: Using first file for thb

================================================================================
Processing: 2pin
================================================================================
  ✓ Extracting CA atoms... Found 495 residues
  ✓ Extracting DSSP data... 495 available
  ✓ Extracting STRIDE data... 495 available
  ✓ Computing neighbor features... Done
  ✓ Classifying burial status... Done
  ✓ DSSP Metrics (using local implementation):
    Accuracy  : 0.7960 (sklearn: 0.7960) ✓
    Precision : 0.5325 (sklearn: 0.5325) ✓
    Recall    : 0.8036 (sklearn: 0.8036) ✓
    F1 Score  : 0.6406 (sklearn: 0.6406) ✓
    MCC       : 0.5271 (sklearn: 0.5271) ✓
  ✓ STRIDE Metrics (using local implementation):
    Accuracy  : 0.7354 (sklearn: 0.7354) ✓
    Precision : 0.7337 (sklearn: 0.7337) ✓
    Recall    : 0.5905 (sklearn: 0.5905) ✓
    F1 Score  : 0.6544 (sklearn: 0.6544) ✓
    MCC       : 0.4509 (sklearn: 0.4509) ✓
✓ Processing complete
  Note: Using first file for thb

================================================================================
Processing: 3d57
================================================================================
  ✓ Extracting CA atoms... Found 493 residues
  ✓ Extracting DSSP data... 493 available
  ✓ Extracting STRIDE data... 493 available
  ✓ Computing neighbor features... Done
  ✓ Classifying burial status... Done
  ✓ DSSP Metrics (using local implementation):
    Accuracy  : 0.7992 (sklearn: 0.7992) ✓
    Precision : 0.5429 (sklearn: 0.5429) ✓
    Recall    : 0.8333 (sklearn: 0.8333) ✓
    F1 Score  : 0.6574 (sklearn: 0.6574) ✓
    MCC       : 0.5483 (sklearn: 0.5483) ✓
  ✓ STRIDE Metrics (using local implementation):
    Accuracy  : 0.7606 (sklearn: 0.7606) ✓
    Precision : 0.7486 (sklearn: 0.7486) ✓
    Recall    : 0.6390 (sklearn: 0.6390) ✓
    F1 Score  : 0.6895 (sklearn: 0.6895) ✓
    MCC       : 0.5008 (sklearn: 0.5008) ✓
✓ Processing complete
  Note: Using first file for thb

================================================================================
Processing: 3gws
================================================================================
  ✓ Extracting CA atoms... Found 243 residues
  ✓ Extracting DSSP data... 243 available
  ✓ Extracting STRIDE data... 243 available
  ✓ Computing neighbor features... Done
  ✓ Classifying burial status... Done
  ✓ DSSP Metrics (using local implementation):
    Accuracy  : 0.7531 (sklearn: 0.7531) ✓
    Precision : 0.5281 (sklearn: 0.5281) ✓
    Recall    : 0.7231 (sklearn: 0.7231) ✓
    F1 Score  : 0.6104 (sklearn: 0.6104) ✓
    MCC       : 0.4476 (sklearn: 0.4476) ✓
  ✓ STRIDE Metrics (using local implementation):
    Accuracy  : 0.7243 (sklearn: 0.7243) ✓
    Precision : 0.7416 (sklearn: 0.7416) ✓
    Recall    : 0.6000 (sklearn: 0.6000) ✓
    F1 Score  : 0.6633 (sklearn: 0.6633) ✓
    MCC       : 0.4412 (sklearn: 0.4412) ✓
✓ Processing complete
  Note: Using first file for thb

================================================================================
Processing: 3imy
================================================================================
  ✓ Extracting CA atoms... Found 248 residues
  ✓ Extracting DSSP data... 248 available
  ✓ Extracting STRIDE data... 248 available
  ✓ Computing neighbor features... Done
  ✓ Classifying burial status... Done
  ✓ DSSP Metrics (using local implementation):
    Accuracy  : 0.7702 (sklearn: 0.7702) ✓
    Precision : 0.5506 (sklearn: 0.5506) ✓
    Recall    : 0.7424 (sklearn: 0.7424) ✓
    F1 Score  : 0.6323 (sklearn: 0.6323) ✓
    MCC       : 0.4815 (sklearn: 0.4815) ✓
  ✓ STRIDE Metrics (using local implementation):
    Accuracy  : 0.7379 (sklearn: 0.7379) ✓
    Precision : 0.7640 (sklearn: 0.7640) ✓
    Recall    : 0.6071 (sklearn: 0.6071) ✓
    F1 Score  : 0.6766 (sklearn: 0.6766) ✓
    MCC       : 0.4697 (sklearn: 0.4697) ✓
✓ Processing complete
  Note: Using first file for thb

================================================================================
Processing: 3jzc
================================================================================
  ✓ Extracting CA atoms... Found 244 residues
  ✓ Extracting DSSP data... 244 available
  ✓ Extracting STRIDE data... 244 available
  ✓ Computing neighbor features... Done
  ✓ Classifying burial status... Done
  ✓ DSSP Metrics (using local implementation):
    Accuracy  : 0.7623 (sklearn: 0.7623) ✓
    Precision : 0.4828 (sklearn: 0.4828) ✓
    Recall    : 0.7636 (sklearn: 0.7636) ✓
    F1 Score  : 0.5915 (sklearn: 0.5915) ✓
    MCC       : 0.4585 (sklearn: 0.4585) ✓
  ✓ STRIDE Metrics (using local implementation):
    Accuracy  : 0.7377 (sklearn: 0.7377) ✓
    Precision : 0.7931 (sklearn: 0.7931) ✓
    Recall    : 0.6000 (sklearn: 0.6000) ✓
    F1 Score  : 0.6832 (sklearn: 0.6832) ✓
    MCC       : 0.4799 (sklearn: 0.4799) ✓
✓ Processing complete
  Note: Using first file for thb

================================================================================
Processing: 3nuo
================================================================================
  ✓ Extracting CA atoms... Found 198 residues
  ✓ Extracting DSSP data... 198 available
  ✓ Extracting STRIDE data... 198 available
  ✓ Computing neighbor features... Done
  ✓ Classifying burial status... Done
  ✓ DSSP Metrics (using local implementation):
    Accuracy  : 0.7424 (sklearn: 0.7424) ✓
    Precision : 0.5765 (sklearn: 0.5765) ✓
    Recall    : 0.7656 (sklearn: 0.7656) ✓
    F1 Score  : 0.6577 (sklearn: 0.6577) ✓
    MCC       : 0.4696 (sklearn: 0.4696) ✓
  ✓ STRIDE Metrics (using local implementation):
    Accuracy  : 0.7323 (sklearn: 0.7323) ✓
    Precision : 0.7176 (sklearn: 0.7176) ✓
    Recall    : 0.6778 (sklearn: 0.6778) ✓
    F1 Score  : 0.6971 (sklearn: 0.6971) ✓
    MCC       : 0.4583 (sklearn: 0.4583) ✓
✓ Processing complete
  Note: Using first file for thb

================================================================================
Processing: fixed_receptor
================================================================================
  ✓ Extracting CA atoms... Found 220 residues
  ✓ Extracting DSSP data... 220 available
  ✓ Extracting STRIDE data... 220 available
  ✓ Computing neighbor features... Done
  ✓ Classifying burial status... Done
  ✓ DSSP Metrics (using local implementation):
    Accuracy  : 0.7773 (sklearn: 0.7773) ✓
    Precision : 0.5897 (sklearn: 0.5897) ✓
    Recall    : 0.7302 (sklearn: 0.7302) ✓
    F1 Score  : 0.6525 (sklearn: 0.6525) ✓
    MCC       : 0.4974 (sklearn: 0.4974) ✓
  ✓ STRIDE Metrics (using local implementation):
    Accuracy  : 0.7409 (sklearn: 0.7409) ✓
    Precision : 0.7436 (sklearn: 0.7436) ✓
    Recall    : 0.6105 (sklearn: 0.6105) ✓
    F1 Score  : 0.6705 (sklearn: 0.6705) ✓
    MCC       : 0.4665 (sklearn: 0.4665) ✓
✓ Processing complete
  Note: Using first file for thb

================================================================================
Processing: fixed_receptor_miniscript
================================================================================
  ✓ Extracting CA atoms... Found 220 residues
  ✓ Extracting DSSP data... 220 available
  ✓ Extracting STRIDE data... 220 available
  ✓ Computing neighbor features... Done
  ✓ Classifying burial status... Done
  ✓ DSSP Metrics (using local implementation):
    Accuracy  : 0.7773 (sklearn: 0.7773) ✓
    Precision : 0.5897 (sklearn: 0.5897) ✓
    Recall    : 0.7302 (sklearn: 0.7302) ✓
    F1 Score  : 0.6525 (sklearn: 0.6525) ✓
    MCC       : 0.4974 (sklearn: 0.4974) ✓
  ✓ STRIDE Metrics (using local implementation):
    Accuracy  : 0.7409 (sklearn: 0.7409) ✓
    Precision : 0.7436 (sklearn: 0.7436) ✓
    Recall    : 0.6105 (sklearn: 0.6105) ✓
    F1 Score  : 0.6705 (sklearn: 0.6705) ✓
    MCC       : 0.4665 (sklearn: 0.4665) ✓
✓ Processing complete
  Note: Using first file for thb

================================================================================
Processing: fixed_receptor_pdbfixer
================================================================================
  ✓ Extracting CA atoms... Found 220 residues
  ✓ Extracting DSSP data... 220 available
  ✓ Extracting STRIDE data... 220 available
  ✓ Computing neighbor features... Done
  ✓ Classifying burial status... Done
  ✓ DSSP Metrics (using local implementation):
    Accuracy  : 0.7818 (sklearn: 0.7818) ✓
    Precision : 0.6026 (sklearn: 0.6026) ✓
    Recall    : 0.7344 (sklearn: 0.7344) ✓
    F1 Score  : 0.6620 (sklearn: 0.6620) ✓
    MCC       : 0.5086 (sklearn: 0.5086) ✓
  ✓ STRIDE Metrics (using local implementation):
    Accuracy  : 0.7409 (sklearn: 0.7409) ✓
    Precision : 0.7436 (sklearn: 0.7436) ✓
    Recall    : 0.6105 (sklearn: 0.6105) ✓
    F1 Score  : 0.6705 (sklearn: 0.6705) ✓
    MCC       : 0.4665 (sklearn: 0.4665) ✓
✓ Processing complete
  Note: Using first file for thb

================================================================================
Processing: receptor
================================================================================
  ✓ Extracting CA atoms... Found 220 residues
  ✓ Extracting DSSP data... Not available
  ✓ Extracting STRIDE data... 220 available
  ✓ Computing neighbor features... Done
  ✓ Classifying burial status... Done
  ✓ STRIDE Metrics (using local implementation):
    Accuracy  : 0.7409 (sklearn: 0.7409) ✓
    Precision : 0.7436 (sklearn: 0.7436) ✓
    Recall    : 0.6105 (sklearn: 0.6105) ✓
    F1 Score  : 0.6705 (sklearn: 0.6705) ✓
    MCC       : 0.4665 (sklearn: 0.4665) ✓
✓ Processing complete
  Note: Using first file for thb

================================================================================
Processing: fixed_receptor
================================================================================
  ✓ Extracting CA atoms... Found 261 residues
  ✓ Extracting DSSP data... 252 available
  ✓ Extracting STRIDE data... 252 available
  ✓ Computing neighbor features... Done
  ✓ Classifying burial status... Done
  ✓ DSSP Metrics (using local implementation):
    Accuracy  : 0.7183 (sklearn: 0.7183) ✓
    Precision : 0.4234 (sklearn: 0.4234) ✓
    Recall    : 0.8704 (sklearn: 0.8704) ✓
    F1 Score  : 0.5697 (sklearn: 0.5697) ✓
    MCC       : 0.4522 (sklearn: 0.4522) ✓
  ✓ STRIDE Metrics (using local implementation):
    Accuracy  : 0.7619 (sklearn: 0.7619) ✓
    Precision : 0.6486 (sklearn: 0.6486) ✓
    Recall    : 0.7742 (sklearn: 0.7742) ✓
    F1 Score  : 0.7059 (sklearn: 0.7059) ✓
    MCC       : 0.5141 (sklearn: 0.5141) ✓
✓ Processing complete

================================================================================
Processing: fixed_receptor_miniscript
================================================================================
  ✓ Extracting CA atoms... Found 261 residues
  ✓ Extracting DSSP data... 252 available
  ✓ Extracting STRIDE data... 252 available
  ✓ Computing neighbor features... Done
  ✓ Classifying burial status... Done
  ✓ DSSP Metrics (using local implementation):
    Accuracy  : 0.7183 (sklearn: 0.7183) ✓
    Precision : 0.4234 (sklearn: 0.4234) ✓
    Recall    : 0.8704 (sklearn: 0.8704) ✓
    F1 Score  : 0.5697 (sklearn: 0.5697) ✓
    MCC       : 0.4522 (sklearn: 0.4522) ✓
  ✓ STRIDE Metrics (using local implementation):
    Accuracy  : 0.7619 (sklearn: 0.7619) ✓
    Precision : 0.6486 (sklearn: 0.6486) ✓
    Recall    : 0.7742 (sklearn: 0.7742) ✓
    F1 Score  : 0.7059 (sklearn: 0.7059) ✓
    MCC       : 0.5141 (sklearn: 0.5141) ✓
✓ Processing complete
  Note: Using first file for thrb

================================================================================
Processing: fixed_receptor_pdbfixer
================================================================================
  ✓ Extracting CA atoms... Found 260 residues
  ✓ Extracting DSSP data... 260 available
  ✓ Extracting STRIDE data... 260 available
  ✓ Computing neighbor features... Done
  ✓ Classifying burial status... Done
  ✓ DSSP Metrics (using local implementation):
    Accuracy  : 0.7231 (sklearn: 0.7231) ✓
    Precision : 0.4248 (sklearn: 0.4248) ✓
    Recall    : 0.8727 (sklearn: 0.8727) ✓
    F1 Score  : 0.5714 (sklearn: 0.5714) ✓
    MCC       : 0.4578 (sklearn: 0.4578) ✓
  ✓ STRIDE Metrics (using local implementation):
    Accuracy  : 0.7731 (sklearn: 0.7731) ✓
    Precision : 0.6637 (sklearn: 0.6637) ✓
    Recall    : 0.7812 (sklearn: 0.7812) ✓
    F1 Score  : 0.7177 (sklearn: 0.7177) ✓
    MCC       : 0.5350 (sklearn: 0.5350) ✓
✓ Processing complete
  Note: Using first file for thrb

================================================================================
Processing: receptor
================================================================================
  ✓ Extracting CA atoms... Found 261 residues
  ✓ Extracting DSSP data... Not available
  ✓ Extracting STRIDE data... 252 available
  ✓ Computing neighbor features... Done
  ✓ Classifying burial status... Done
  ✓ STRIDE Metrics (using local implementation):
    Accuracy  : 0.7619 (sklearn: 0.7619) ✓
    Precision : 0.6486 (sklearn: 0.6486) ✓
    Recall    : 0.7742 (sklearn: 0.7742) ✓
    F1 Score  : 0.7059 (sklearn: 0.7059) ✓
    MCC       : 0.5141 (sklearn: 0.5141) ✓
✓ Processing complete
  Note: Using first file for thrb

================================================================================
Processing: fixed_receptor
================================================================================
  ✓ Extracting CA atoms... Found 222 residues
  ✓ Extracting DSSP data... 222 available
  ✓ Extracting STRIDE data... 222 available
  ✓ Computing neighbor features... Done
  ✓ Classifying burial status... Done
  ✓ DSSP Metrics (using local implementation):
    Accuracy  : 0.7973 (sklearn: 0.7973) ✓
    Precision : 0.5851 (sklearn: 0.5851) ✓
    Recall    : 0.9016 (sklearn: 0.9016) ✓
    F1 Score  : 0.7097 (sklearn: 0.7097) ✓
    MCC       : 0.5957 (sklearn: 0.5957) ✓
  ✓ STRIDE Metrics (using local implementation):
    Accuracy  : 0.7928 (sklearn: 0.7928) ✓
    Precision : 0.7447 (sklearn: 0.7447) ✓
    Recall    : 0.7609 (sklearn: 0.7609) ✓
    F1 Score  : 0.7527 (sklearn: 0.7527) ✓
    MCC       : 0.5745 (sklearn: 0.5745) ✓
✓ Processing complete

================================================================================
Processing: fixed_receptor_miniscript
================================================================================
  ✓ Extracting CA atoms... Found 222 residues
  ✓ Extracting DSSP data... 222 available
  ✓ Extracting STRIDE data... 222 available
  ✓ Computing neighbor features... Done
  ✓ Classifying burial status... Done
  ✓ DSSP Metrics (using local implementation):
    Accuracy  : 0.7973 (sklearn: 0.7973) ✓
    Precision : 0.5851 (sklearn: 0.5851) ✓
    Recall    : 0.9016 (sklearn: 0.9016) ✓
    F1 Score  : 0.7097 (sklearn: 0.7097) ✓
    MCC       : 0.5957 (sklearn: 0.5957) ✓
  ✓ STRIDE Metrics (using local implementation):
    Accuracy  : 0.7928 (sklearn: 0.7928) ✓
    Precision : 0.7447 (sklearn: 0.7447) ✓
    Recall    : 0.7609 (sklearn: 0.7609) ✓
    F1 Score  : 0.7527 (sklearn: 0.7527) ✓
    MCC       : 0.5745 (sklearn: 0.5745) ✓
✓ Processing complete
  Note: Using first file for try1

================================================================================
Processing: fixed_receptor_pdbfixer
================================================================================
  ✓ Extracting CA atoms... Found 222 residues
  ✓ Extracting DSSP data... 222 available
  ✓ Extracting STRIDE data... 222 available
  ✓ Computing neighbor features... Done
  ✓ Classifying burial status... Done
  ✓ DSSP Metrics (using local implementation):
    Accuracy  : 0.7973 (sklearn: 0.7973) ✓
    Precision : 0.5851 (sklearn: 0.5851) ✓
    Recall    : 0.9016 (sklearn: 0.9016) ✓
    F1 Score  : 0.7097 (sklearn: 0.7097) ✓
    MCC       : 0.5957 (sklearn: 0.5957) ✓
  ✓ STRIDE Metrics (using local implementation):
    Accuracy  : 0.7928 (sklearn: 0.7928) ✓
    Precision : 0.7447 (sklearn: 0.7447) ✓
    Recall    : 0.7609 (sklearn: 0.7609) ✓
    F1 Score  : 0.7527 (sklearn: 0.7527) ✓
    MCC       : 0.5745 (sklearn: 0.5745) ✓
✓ Processing complete
  Note: Using first file for try1

================================================================================
Processing: receptor
================================================================================
  ✓ Extracting CA atoms... Found 222 residues
  ✓ Extracting DSSP data... Not available
  ✓ Extracting STRIDE data... 222 available
  ✓ Computing neighbor features... Done
  ✓ Classifying burial status... Done
  ✓ STRIDE Metrics (using local implementation):
    Accuracy  : 0.7928 (sklearn: 0.7928) ✓
    Precision : 0.7447 (sklearn: 0.7447) ✓
    Recall    : 0.7609 (sklearn: 0.7609) ✓
    F1 Score  : 0.7527 (sklearn: 0.7527) ✓
    MCC       : 0.5745 (sklearn: 0.5745) ✓
✓ Processing complete
  Note: Using first file for try1

================================================================================
Processing: fixed_receptor
================================================================================
  ✓ Extracting CA atoms... Found 413 residues
  ✓ Extracting DSSP data... 413 available
  ✓ Extracting STRIDE data... 413 available
  ✓ Computing neighbor features... Done
  ✓ Classifying burial status... Done
  ✓ DSSP Metrics (using local implementation):
    Accuracy  : 0.7191 (sklearn: 0.7191) ✓
    Precision : 0.4718 (sklearn: 0.4718) ✓
    Recall    : 0.8762 (sklearn: 0.8762) ✓
    F1 Score  : 0.6133 (sklearn: 0.6133) ✓
    MCC       : 0.4725 (sklearn: 0.4725) ✓
  ✓ STRIDE Metrics (using local implementation):
    Accuracy  : 0.7579 (sklearn: 0.7579) ✓
    Precision : 0.6872 (sklearn: 0.6872) ✓
    Recall    : 0.7746 (sklearn: 0.7746) ✓
    F1 Score  : 0.7283 (sklearn: 0.7283) ✓
    MCC       : 0.5143 (sklearn: 0.5143) ✓
✓ Processing complete

================================================================================
Processing: fixed_receptor_miniscript
================================================================================
  ✓ Extracting CA atoms... Found 413 residues
  ✓ Extracting DSSP data... 413 available
  ✓ Extracting STRIDE data... 413 available
  ✓ Computing neighbor features... Done
  ✓ Classifying burial status... Done
  ✓ DSSP Metrics (using local implementation):
    Accuracy  : 0.7191 (sklearn: 0.7191) ✓
    Precision : 0.4718 (sklearn: 0.4718) ✓
    Recall    : 0.8762 (sklearn: 0.8762) ✓
    F1 Score  : 0.6133 (sklearn: 0.6133) ✓
    MCC       : 0.4725 (sklearn: 0.4725) ✓
  ✓ STRIDE Metrics (using local implementation):
    Accuracy  : 0.7579 (sklearn: 0.7579) ✓
    Precision : 0.6872 (sklearn: 0.6872) ✓
    Recall    : 0.7746 (sklearn: 0.7746) ✓
    F1 Score  : 0.7283 (sklearn: 0.7283) ✓
    MCC       : 0.5143 (sklearn: 0.5143) ✓
✓ Processing complete
  Note: Using first file for tryb1

================================================================================
Processing: fixed_receptor_pdbfixer
================================================================================
  ✓ Extracting CA atoms... Found 413 residues
  ✓ Extracting DSSP data... 413 available
  ✓ Extracting STRIDE data... 413 available
  ✓ Computing neighbor features... Done
  ✓ Classifying burial status... Done
  ✓ DSSP Metrics (using local implementation):
    Accuracy  : 0.7167 (sklearn: 0.7167) ✓
    Precision : 0.4667 (sklearn: 0.4667) ✓
    Recall    : 0.8750 (sklearn: 0.8750) ✓
    F1 Score  : 0.6087 (sklearn: 0.6087) ✓
    MCC       : 0.4681 (sklearn: 0.4681) ✓
  ✓ STRIDE Metrics (using local implementation):
    Accuracy  : 0.7554 (sklearn: 0.7554) ✓
    Precision : 0.6821 (sklearn: 0.6821) ✓
    Recall    : 0.7733 (sklearn: 0.7733) ✓
    F1 Score  : 0.7248 (sklearn: 0.7248) ✓
    MCC       : 0.5095 (sklearn: 0.5095) ✓
✓ Processing complete
  Note: Using first file for tryb1

================================================================================
Processing: receptor
================================================================================
  ✓ Extracting CA atoms... Found 413 residues
  ✓ Extracting DSSP data... Not available
  ✓ Extracting STRIDE data... 413 available
  ✓ Computing neighbor features... Done
  ✓ Classifying burial status... Done
  ✓ STRIDE Metrics (using local implementation):
    Accuracy  : 0.7579 (sklearn: 0.7579) ✓
    Precision : 0.6872 (sklearn: 0.6872) ✓
    Recall    : 0.7746 (sklearn: 0.7746) ✓
    F1 Score  : 0.7283 (sklearn: 0.7283) ✓
    MCC       : 0.5143 (sklearn: 0.5143) ✓
✓ Processing complete
  Note: Using first file for tryb1

================================================================================
Processing: fixed_receptor
================================================================================
  ✓ Extracting CA atoms... Found 311 residues
  ✓ Extracting DSSP data... 299 available
  ✓ Extracting STRIDE data... 299 available
  ✓ Computing neighbor features... Done
  ✓ Classifying burial status... Done
  ✓ DSSP Metrics (using local implementation):
    Accuracy  : 0.7157 (sklearn: 0.7157) ✓
    Precision : 0.4436 (sklearn: 0.4436) ✓
    Recall    : 0.8429 (sklearn: 0.8429) ✓
    F1 Score  : 0.5813 (sklearn: 0.5813) ✓
    MCC       : 0.4428 (sklearn: 0.4428) ✓
  ✓ STRIDE Metrics (using local implementation):
    Accuracy  : 0.7258 (sklearn: 0.7258) ✓
    Precision : 0.6165 (sklearn: 0.6165) ✓
    Recall    : 0.7257 (sklearn: 0.7257) ✓
    F1 Score  : 0.6667 (sklearn: 0.6667) ✓
    MCC       : 0.4405 (sklearn: 0.4405) ✓
✓ Processing complete

================================================================================
Processing: fixed_receptor_miniscript
================================================================================
  ✓ Extracting CA atoms... Found 311 residues
  ✓ Extracting DSSP data... 299 available
  ✓ Extracting STRIDE data... 299 available
  ✓ Computing neighbor features... Done
  ✓ Classifying burial status... Done
  ✓ DSSP Metrics (using local implementation):
    Accuracy  : 0.7157 (sklearn: 0.7157) ✓
    Precision : 0.4436 (sklearn: 0.4436) ✓
    Recall    : 0.8429 (sklearn: 0.8429) ✓
    F1 Score  : 0.5813 (sklearn: 0.5813) ✓
    MCC       : 0.4428 (sklearn: 0.4428) ✓
  ✓ STRIDE Metrics (using local implementation):
    Accuracy  : 0.7258 (sklearn: 0.7258) ✓
    Precision : 0.6165 (sklearn: 0.6165) ✓
    Recall    : 0.7257 (sklearn: 0.7257) ✓
    F1 Score  : 0.6667 (sklearn: 0.6667) ✓
    MCC       : 0.4405 (sklearn: 0.4405) ✓
✓ Processing complete
  Note: Using first file for tysy

================================================================================
Processing: fixed_receptor_pdbfixer
================================================================================
  ✓ Extracting CA atoms... Found 311 residues
  ✓ Extracting DSSP data... 311 available
  ✓ Extracting STRIDE data... 311 available
  ✓ Computing neighbor features... Done
  ✓ Classifying burial status... Done
  ✓ DSSP Metrics (using local implementation):
    Accuracy  : 0.7106 (sklearn: 0.7106) ✓
    Precision : 0.4245 (sklearn: 0.4245) ✓
    Recall    : 0.8551 (sklearn: 0.8551) ✓
    F1 Score  : 0.5673 (sklearn: 0.5673) ✓
    MCC       : 0.4383 (sklearn: 0.4383) ✓
  ✓ STRIDE Metrics (using local implementation):
    Accuracy  : 0.7203 (sklearn: 0.7203) ✓
    Precision : 0.6115 (sklearn: 0.6115) ✓
    Recall    : 0.7203 (sklearn: 0.7203) ✓
    F1 Score  : 0.6615 (sklearn: 0.6615) ✓
    MCC       : 0.4300 (sklearn: 0.4300) ✓
✓ Processing complete
  Note: Using first file for tysy

================================================================================
Processing: receptor
================================================================================
  ✓ Extracting CA atoms... Found 311 residues
  ✓ Extracting DSSP data... Not available
  ✓ Extracting STRIDE data... 299 available
  ✓ Computing neighbor features... Done
  ✓ Classifying burial status... Done
  ✓ STRIDE Metrics (using local implementation):
    Accuracy  : 0.7258 (sklearn: 0.7258) ✓
    Precision : 0.6165 (sklearn: 0.6165) ✓
    Recall    : 0.7257 (sklearn: 0.7257) ✓
    F1 Score  : 0.6667 (sklearn: 0.6667) ✓
    MCC       : 0.4405 (sklearn: 0.4405) ✓
✓ Processing complete
  Note: Using first file for tysy

================================================================================
Processing: fixed_receptor
================================================================================
  ✓ Extracting CA atoms... Found 231 residues
  ✓ Extracting DSSP data... 231 available
  ✓ Extracting STRIDE data... 231 available
  ✓ Computing neighbor features... Done
  ✓ Classifying burial status... Done
  ✓ DSSP Metrics (using local implementation):
    Accuracy  : 0.7359 (sklearn: 0.7359) ✓
    Precision : 0.4857 (sklearn: 0.4857) ✓
    Recall    : 0.8793 (sklearn: 0.8793) ✓
    F1 Score  : 0.6258 (sklearn: 0.6258) ✓
    MCC       : 0.4939 (sklearn: 0.4939) ✓
  ✓ STRIDE Metrics (using local implementation):
    Accuracy  : 0.7835 (sklearn: 0.7835) ✓
    Precision : 0.7143 (sklearn: 0.7143) ✓
    Recall    : 0.7895 (sklearn: 0.7895) ✓
    F1 Score  : 0.7500 (sklearn: 0.7500) ✓
    MCC       : 0.5622 (sklearn: 0.5622) ✓
✓ Processing complete

================================================================================
Processing: fixed_receptor_miniscript
================================================================================
  ✓ Extracting CA atoms... Found 231 residues
  ✓ Extracting DSSP data... 231 available
  ✓ Extracting STRIDE data... 231 available
  ✓ Computing neighbor features... Done
  ✓ Classifying burial status... Done
  ✓ DSSP Metrics (using local implementation):
    Accuracy  : 0.7359 (sklearn: 0.7359) ✓
    Precision : 0.4857 (sklearn: 0.4857) ✓
    Recall    : 0.8793 (sklearn: 0.8793) ✓
    F1 Score  : 0.6258 (sklearn: 0.6258) ✓
    MCC       : 0.4939 (sklearn: 0.4939) ✓
  ✓ STRIDE Metrics (using local implementation):
    Accuracy  : 0.7835 (sklearn: 0.7835) ✓
    Precision : 0.7143 (sklearn: 0.7143) ✓
    Recall    : 0.7895 (sklearn: 0.7895) ✓
    F1 Score  : 0.7500 (sklearn: 0.7500) ✓
    MCC       : 0.5622 (sklearn: 0.5622) ✓
✓ Processing complete
  Note: Using first file for urok

================================================================================
Processing: fixed_receptor_pdbfixer
================================================================================
  ✓ Extracting CA atoms... Found 231 residues
  ✓ Extracting DSSP data... 231 available
  ✓ Extracting STRIDE data... 231 available
  ✓ Computing neighbor features... Done
  ✓ Classifying burial status... Done
  ✓ DSSP Metrics (using local implementation):
    Accuracy  : 0.7403 (sklearn: 0.7403) ✓
    Precision : 0.4952 (sklearn: 0.4952) ✓
    Recall    : 0.8814 (sklearn: 0.8814) ✓
    F1 Score  : 0.6341 (sklearn: 0.6341) ✓
    MCC       : 0.5020 (sklearn: 0.5020) ✓
  ✓ STRIDE Metrics (using local implementation):
    Accuracy  : 0.7835 (sklearn: 0.7835) ✓
    Precision : 0.7143 (sklearn: 0.7143) ✓
    Recall    : 0.7895 (sklearn: 0.7895) ✓
    F1 Score  : 0.7500 (sklearn: 0.7500) ✓
    MCC       : 0.5622 (sklearn: 0.5622) ✓
✓ Processing complete
  Note: Using first file for urok

================================================================================
Processing: receptor
================================================================================
  ✓ Extracting CA atoms... Found 231 residues
  ✓ Extracting DSSP data... Not available
  ✓ Extracting STRIDE data... 231 available
  ✓ Computing neighbor features... Done
  ✓ Classifying burial status... Done
  ✓ STRIDE Metrics (using local implementation):
    Accuracy  : 0.7835 (sklearn: 0.7835) ✓
    Precision : 0.7143 (sklearn: 0.7143) ✓
    Recall    : 0.7895 (sklearn: 0.7895) ✓
    F1 Score  : 0.7500 (sklearn: 0.7500) ✓
    MCC       : 0.5622 (sklearn: 0.5622) ✓
✓ Processing complete
  Note: Using first file for urok

================================================================================
Processing: fixed_receptor
================================================================================
  ✓ Extracting CA atoms... Found 298 residues
  ✓ Extracting DSSP data... 298 available
  ✓ Extracting STRIDE data... 298 available
  ✓ Computing neighbor features... Done
  ✓ Classifying burial status... Done
  ✓ DSSP Metrics (using local implementation):
    Accuracy  : 0.7416 (sklearn: 0.7416) ✓
    Precision : 0.5172 (sklearn: 0.5172) ✓
    Recall    : 0.9146 (sklearn: 0.9146) ✓
    F1 Score  : 0.6608 (sklearn: 0.6608) ✓
    MCC       : 0.5277 (sklearn: 0.5277) ✓
  ✓ STRIDE Metrics (using local implementation):
    Accuracy  : 0.7651 (sklearn: 0.7651) ✓
    Precision : 0.7310 (sklearn: 0.7310) ✓
    Recall    : 0.7737 (sklearn: 0.7737) ✓
    F1 Score  : 0.7518 (sklearn: 0.7518) ✓
    MCC       : 0.5300 (sklearn: 0.5300) ✓
✓ Processing complete

================================================================================
Processing: fixed_receptor_miniscript
================================================================================
  ✓ Extracting CA atoms... Found 298 residues
  ✓ Extracting DSSP data... 298 available
  ✓ Extracting STRIDE data... 298 available
  ✓ Computing neighbor features... Done
  ✓ Classifying burial status... Done
  ✓ DSSP Metrics (using local implementation):
    Accuracy  : 0.7416 (sklearn: 0.7416) ✓
    Precision : 0.5172 (sklearn: 0.5172) ✓
    Recall    : 0.9146 (sklearn: 0.9146) ✓
    F1 Score  : 0.6608 (sklearn: 0.6608) ✓
    MCC       : 0.5277 (sklearn: 0.5277) ✓
  ✓ STRIDE Metrics (using local implementation):
    Accuracy  : 0.7651 (sklearn: 0.7651) ✓
    Precision : 0.7310 (sklearn: 0.7310) ✓
    Recall    : 0.7737 (sklearn: 0.7737) ✓
    F1 Score  : 0.7518 (sklearn: 0.7518) ✓
    MCC       : 0.5300 (sklearn: 0.5300) ✓
✓ Processing complete
  Note: Using first file for vgfr2

================================================================================
Processing: fixed_receptor_pdbfixer
================================================================================
  ✓ Extracting CA atoms... Found 298 residues
  ✓ Extracting DSSP data... 298 available
  ✓ Extracting STRIDE data... 298 available
  ✓ Computing neighbor features... Done
  ✓ Classifying burial status... Done
  ✓ DSSP Metrics (using local implementation):
    Accuracy  : 0.7450 (sklearn: 0.7450) ✓
    Precision : 0.5241 (sklearn: 0.5241) ✓
    Recall    : 0.9157 (sklearn: 0.9157) ✓
    F1 Score  : 0.6667 (sklearn: 0.6667) ✓
    MCC       : 0.5334 (sklearn: 0.5334) ✓
  ✓ STRIDE Metrics (using local implementation):
    Accuracy  : 0.7651 (sklearn: 0.7651) ✓
    Precision : 0.7310 (sklearn: 0.7310) ✓
    Recall    : 0.7737 (sklearn: 0.7737) ✓
    F1 Score  : 0.7518 (sklearn: 0.7518) ✓
    MCC       : 0.5300 (sklearn: 0.5300) ✓
✓ Processing complete
  Note: Using first file for vgfr2

================================================================================
Processing: receptor
================================================================================
  ✓ Extracting CA atoms... Found 298 residues
  ✓ Extracting DSSP data... Not available
  ✓ Extracting STRIDE data... 298 available
  ✓ Computing neighbor features... Done
  ✓ Classifying burial status... Done
  ✓ STRIDE Metrics (using local implementation):
    Accuracy  : 0.7651 (sklearn: 0.7651) ✓
    Precision : 0.7310 (sklearn: 0.7310) ✓
    Recall    : 0.7737 (sklearn: 0.7737) ✓
    F1 Score  : 0.7518 (sklearn: 0.7518) ✓
    MCC       : 0.5300 (sklearn: 0.5300) ✓
✓ Processing complete
  Note: Using first file for vgfr2

================================================================================
Processing: fixed_receptor
================================================================================
  ✓ Extracting CA atoms... Found 222 residues
  ✓ Extracting DSSP data... 222 available
  ✓ Extracting STRIDE data... 222 available
  ✓ Computing neighbor features... Done
  ✓ Classifying burial status... Done
  ✓ DSSP Metrics (using local implementation):
    Accuracy  : 0.7432 (sklearn: 0.7432) ✓
    Precision : 0.4796 (sklearn: 0.4796) ✓
    Recall    : 0.8868 (sklearn: 0.8868) ✓
    F1 Score  : 0.6225 (sklearn: 0.6225) ✓
    MCC       : 0.5023 (sklearn: 0.5023) ✓
  ✓ STRIDE Metrics (using local implementation):
    Accuracy  : 0.7793 (sklearn: 0.7793) ✓
    Precision : 0.7653 (sklearn: 0.7653) ✓
    Recall    : 0.7426 (sklearn: 0.7426) ✓
    F1 Score  : 0.7538 (sklearn: 0.7538) ✓
    MCC       : 0.5541 (sklearn: 0.5541) ✓
✓ Processing complete

================================================================================
Processing: fixed_receptor_miniscript
================================================================================
  ✓ Extracting CA atoms... Found 222 residues
  ✓ Extracting DSSP data... 222 available
  ✓ Extracting STRIDE data... 222 available
  ✓ Computing neighbor features... Done
  ✓ Classifying burial status... Done
  ✓ DSSP Metrics (using local implementation):
    Accuracy  : 0.7432 (sklearn: 0.7432) ✓
    Precision : 0.4796 (sklearn: 0.4796) ✓
    Recall    : 0.8868 (sklearn: 0.8868) ✓
    F1 Score  : 0.6225 (sklearn: 0.6225) ✓
    MCC       : 0.5023 (sklearn: 0.5023) ✓
  ✓ STRIDE Metrics (using local implementation):
    Accuracy  : 0.7793 (sklearn: 0.7793) ✓
    Precision : 0.7653 (sklearn: 0.7653) ✓
    Recall    : 0.7426 (sklearn: 0.7426) ✓
    F1 Score  : 0.7538 (sklearn: 0.7538) ✓
    MCC       : 0.5541 (sklearn: 0.5541) ✓
✓ Processing complete
  Note: Using first file for wee1

================================================================================
Processing: fixed_receptor_pdbfixer
================================================================================
  ✓ Extracting CA atoms... Found 222 residues
  ✓ Extracting DSSP data... 222 available
  ✓ Extracting STRIDE data... 222 available
  ✓ Computing neighbor features... Done
  ✓ Classifying burial status... Done
  ✓ DSSP Metrics (using local implementation):
    Accuracy  : 0.7387 (sklearn: 0.7387) ✓
    Precision : 0.4796 (sklearn: 0.4796) ✓
    Recall    : 0.8704 (sklearn: 0.8704) ✓
    F1 Score  : 0.6184 (sklearn: 0.6184) ✓
    MCC       : 0.4897 (sklearn: 0.4897) ✓
  ✓ STRIDE Metrics (using local implementation):
    Accuracy  : 0.7838 (sklearn: 0.7838) ✓
    Precision : 0.7755 (sklearn: 0.7755) ✓
    Recall    : 0.7451 (sklearn: 0.7451) ✓
    F1 Score  : 0.7600 (sklearn: 0.7600) ✓
    MCC       : 0.5638 (sklearn: 0.5638) ✓
✓ Processing complete
  Note: Using first file for wee1

================================================================================
Processing: receptor
================================================================================
  ✓ Extracting CA atoms... Found 222 residues
  ✓ Extracting DSSP data... Not available
  ✓ Extracting STRIDE data... 222 available
  ✓ Computing neighbor features... Done
  ✓ Classifying burial status... Done
  ✓ STRIDE Metrics (using local implementation):
    Accuracy  : 0.7793 (sklearn: 0.7793) ✓
    Precision : 0.7653 (sklearn: 0.7653) ✓
    Recall    : 0.7426 (sklearn: 0.7426) ✓
    F1 Score  : 0.7538 (sklearn: 0.7538) ✓
    MCC       : 0.5541 (sklearn: 0.5541) ✓
✓ Processing complete
  Note: Using first file for wee1

================================================================================
Processing: fixed_receptor
================================================================================
  ✓ Extracting CA atoms... Found 136 residues
  ✓ Extracting DSSP data... 124 available
  ✓ Extracting STRIDE data... 124 available
  ✓ Computing neighbor features... Done
  ✓ Classifying burial status... Done
  ✓ DSSP Metrics (using local implementation):
    Accuracy  : 0.7339 (sklearn: 0.7339) ✓
    Precision : 0.6571 (sklearn: 0.6571) ✓
    Recall    : 0.8364 (sklearn: 0.8364) ✓
    F1 Score  : 0.7360 (sklearn: 0.7360) ✓
    MCC       : 0.4895 (sklearn: 0.4895) ✓
  ✓ STRIDE Metrics (using local implementation):
    Accuracy  : 0.7500 (sklearn: 0.7500) ✓
    Precision : 0.7571 (sklearn: 0.7571) ✓
    Recall    : 0.7910 (sklearn: 0.7910) ✓
    F1 Score  : 0.7737 (sklearn: 0.7737) ✓
    MCC       : 0.4953 (sklearn: 0.4953) ✓
✓ Processing complete

================================================================================
Processing: fixed_receptor_miniscript
================================================================================
  ✓ Extracting CA atoms... Found 136 residues
  ✓ Extracting DSSP data... 124 available
  ✓ Extracting STRIDE data... 124 available
  ✓ Computing neighbor features... Done
  ✓ Classifying burial status... Done
  ✓ DSSP Metrics (using local implementation):
    Accuracy  : 0.7339 (sklearn: 0.7339) ✓
    Precision : 0.6571 (sklearn: 0.6571) ✓
    Recall    : 0.8364 (sklearn: 0.8364) ✓
    F1 Score  : 0.7360 (sklearn: 0.7360) ✓
    MCC       : 0.4895 (sklearn: 0.4895) ✓
  ✓ STRIDE Metrics (using local implementation):
    Accuracy  : 0.7500 (sklearn: 0.7500) ✓
    Precision : 0.7571 (sklearn: 0.7571) ✓
    Recall    : 0.7910 (sklearn: 0.7910) ✓
    F1 Score  : 0.7737 (sklearn: 0.7737) ✓
    MCC       : 0.4953 (sklearn: 0.4953) ✓
✓ Processing complete
  Note: Using first file for xiap

================================================================================
Processing: fixed_receptor_pdbfixer
================================================================================
  ✓ Extracting CA atoms... Found 130 residues
  ✓ Extracting DSSP data... 130 available
  ✓ Extracting STRIDE data... 130 available
  ✓ Computing neighbor features... Done
  ✓ Classifying burial status... Done
  ✓ DSSP Metrics (using local implementation):
    Accuracy  : 0.6538 (sklearn: 0.6538) ✓
    Precision : 0.5432 (sklearn: 0.5432) ✓
    Recall    : 0.8462 (sklearn: 0.8462) ✓
    F1 Score  : 0.6617 (sklearn: 0.6617) ✓
    MCC       : 0.3758 (sklearn: 0.3758) ✓
  ✓ STRIDE Metrics (using local implementation):
    Accuracy  : 0.7231 (sklearn: 0.7231) ✓
    Precision : 0.7284 (sklearn: 0.7284) ✓
    Recall    : 0.8082 (sklearn: 0.8082) ✓
    F1 Score  : 0.7662 (sklearn: 0.7662) ✓
    MCC       : 0.4323 (sklearn: 0.4323) ✓
✓ Processing complete
  Note: Using first file for xiap

================================================================================
Processing: receptor
================================================================================
  ✓ Extracting CA atoms... Found 136 residues
  ✓ Extracting DSSP data... Not available
  ✓ Extracting STRIDE data... 124 available
  ✓ Computing neighbor features... Done
  ✓ Classifying burial status... Done
  ✓ STRIDE Metrics (using local implementation):
    Accuracy  : 0.7500 (sklearn: 0.7500) ✓
    Precision : 0.7571 (sklearn: 0.7571) ✓
    Recall    : 0.7910 (sklearn: 0.7910) ✓
    F1 Score  : 0.7737 (sklearn: 0.7737) ✓
    MCC       : 0.4953 (sklearn: 0.4953) ✓
✓ Processing complete
  Note: Using first file for xiap

Generating output files:
    ✓ CSV saved: inha_detailed_results.csv
    ✓ CSV saved: ital_detailed_results.csv
    ✓ CSV saved: jak2_detailed_results.csv
    ✓ CSV saved: kif11_detailed_results.csv
    ✓ CSV saved: kit_detailed_results.csv
    ✓ CSV saved: kith_detailed_results.csv
    ✓ CSV saved: kpcb_detailed_results.csv
    ✓ CSV saved: lck_detailed_results.csv
    ✓ CSV saved: lkha4_detailed_results.csv
    ✓ CSV saved: mapk2_detailed_results.csv
    ✓ CSV saved: mcr_detailed_results.csv
    ✓ CSV saved: met_detailed_results.csv
    ✓ CSV saved: mk01_detailed_results.csv
    ✓ CSV saved: mk10_detailed_results.csv
    ✓ CSV saved: mk14_detailed_results.csv
    ✓ CSV saved: mmp13_detailed_results.csv
    ✓ CSV saved: mp2k1_detailed_results.csv
    ✓ CSV saved: nos1_detailed_results.csv
    ✓ CSV saved: nram_detailed_results.csv
    ✓ CSV saved: pa2ga_detailed_results.csv
    ✓ CSV saved: parp1_detailed_results.csv
    ✓ CSV saved: pde5a_detailed_results.csv
    ✓ CSV saved: pgh1_detailed_results.csv
    ✓ CSV saved: pgh2_detailed_results.csv
    ✓ CSV saved: plk1_detailed_results.csv
    ✓ CSV saved: pnph_detailed_results.csv
    ✓ CSV saved: ppara_detailed_results.csv
    ✓ CSV saved: ppard_detailed_results.csv
    ✓ CSV saved: pparg_detailed_results.csv
    ✓ CSV saved: prgr_detailed_results.csv
    ✓ CSV saved: ptn1_detailed_results.csv
    ✓ CSV saved: pur2_detailed_results.csv
    ✓ CSV saved: pygm_detailed_results.csv
    ✓ CSV saved: pyrd_detailed_results.csv
    ✓ CSV saved: reni_detailed_results.csv
    ✓ CSV saved: rock1_detailed_results.csv
    ✓ CSV saved: rxra_detailed_results.csv
    ✓ CSV saved: sahh_detailed_results.csv
    ✓ CSV saved: src_detailed_results.csv
    ✓ CSV saved: tgfr1_detailed_results.csv
    ✓ CSV saved: thb_detailed_results.csv
    ✓ CSV saved: thrb_detailed_results.csv
    ✓ CSV saved: try1_detailed_results.csv
    ✓ CSV saved: tryb1_detailed_results.csv
    ✓ CSV saved: tysy_detailed_results.csv
    ✓ CSV saved: urok_detailed_results.csv
    ✓ CSV saved: vgfr2_detailed_results.csv
    ✓ CSV saved: wee1_detailed_results.csv
    ✓ CSV saved: xiap_detailed_results.csv

================================================================================
GENERATING AVERAGE REPORT
================================================================================
    ✓ Average report saved: average.txt

================================================================================
ANALYSIS COMPLETE
================================================================================

Results:
  ✓ Successfully processed: 208 proteins
  ✗ Failed to process:     0
  ✓ Unique proteins:       49

Output folder: /Users/famnit/Desktop/pythonProject/FINAL/final_reports
Files generated: 49 CSV files + 49 TXT reports + 1 average report

================================================================================

